Name,Team,W,L,SV,G,GS,IP,K/9,BB/9,HR/9,BABIP,LOB%,GB%,HR/FB,ERA,FIP,xFIP,WAR,playerid
Roy Halladay,- - -,194,98,0,378,370,2586,7.04,1.78,0.75,0.293,0.728,0.541,0.103,3.36,3.28,3.23,64.3,1303
CC Sabathia,- - -,223,141,0,482,482,3168.1,7.74,2.72,0.89,0.294,0.729,0.457,0.100,3.7,3.66,3.71,63.4,404
Clayton Kershaw,Dodgers,126,60,0,265,263,1760,9.81,2.44,0.54,0.271,0.784,0.459,0.070,2.37,2.55,2.92,53.4,2036
Randy Johnson,- - -,143,78,0,287,281,1885.1,10.42,2.31,1.01,0.298,0.739,0.432,0.120,3.34,3.13,3.23,53.1,60
Justin Verlander,Tigers,173,106,0,352,352,2339,8.45,2.69,0.83,0.287,0.734,0.392,0.081,3.47,3.44,3.79,52.8,8700
Roy Oswalt,- - -,163,102,0,365,341,2245.1,7.42,2.08,0.79,0.301,0.754,0.471,0.091,3.36,3.37,3.56,52.4,571
Mark Buehrle,- - -,214,160,0,518,493,3283.1,5.13,2.01,0.99,0.292,0.726,0.453,0.097,3.81,4.11,4.21,51.9,225
Javier Vazquez,- - -,151,137,0,391,385,2513,8.18,2.3,1.15,0.294,0.718,0.386,0.111,4.04,3.78,3.74,51.2,801
Felix Hernandez,Mariners,154,109,0,359,359,2415.2,8.43,2.59,0.76,0.293,0.750,0.542,0.109,3.16,3.29,3.24,51.1,4772
Zack Greinke,- - -,155,100,1,390,349,2253.1,8.07,2.19,0.87,0.298,0.747,0.436,0.095,3.42,3.37,3.5,48.1,1943
Andy Pettitte,- - -,175,107,0,366,363,2271.2,6.89,2.6,0.8,0.309,0.713,0.485,0.099,3.82,3.64,3.7,48,840
Tim Hudson,- - -,211,131,0,461,458,2990.1,5.86,2.57,0.72,0.28,0.733,0.580,0.104,3.5,3.8,3.78,47.5,921
Cliff Lee,- - -,143,91,0,328,324,2156.2,7.61,1.94,0.93,0.298,0.737,0.407,0.088,3.52,3.45,3.68,47.4,1636
Johan Santana,- - -,139,78,1,360,284,2025.2,8.83,2.52,0.98,0.276,0.770,0.371,0.093,3.2,3.44,3.49,45.3,755
Pedro Martinez,- - -,112,50,0,227,227,1468,9.93,2.15,0.81,0.279,0.757,0.388,0.089,3.01,2.92,3.44,45,200
Jake Peavy,- - -,152,126,0,388,377,2377,8.36,2.68,0.98,0.285,0.747,0.397,0.095,3.63,3.65,3.81,44.6,1051
Cole Hamels,- - -,136,96,0,339,338,2214.1,8.62,2.41,1,0.287,0.771,0.445,0.113,3.31,3.53,3.42,44.1,4972
John Lackey,- - -,176,135,0,417,416,2669.2,7.23,2.57,0.95,0.302,0.731,0.437,0.099,3.87,3.86,3.95,42.9,1507
A.J. Burnett,- - -,160,155,0,428,423,2690,8.3,3.6,0.87,0.295,0.718,0.506,0.112,3.99,3.86,3.67,42.4,512
Mike Mussina,- - -,134,87,0,283,282,1790.2,7.48,1.83,0.98,0.304,0.712,0.432,0.101,3.87,3.51,3.68,42,837
Bartolo Colon,- - -,197,141,0,427,420,2669.1,6.68,2.32,1.11,0.294,0.735,0.417,0.103,3.89,4.02,4.09,42,375
Curt Schilling,- - -,117,63,9,243,221,1569.1,8.86,1.47,1.11,0.304,0.764,0.396,0.105,3.54,3.24,3.17,41.8,73
Dan Haren,- - -,153,131,1,391,380,2419.2,7.49,1.86,1.13,0.288,0.729,0.416,0.109,3.75,3.78,3.69,40.8,1757
Jon Lester,- - -,146,84,0,317,316,2003.2,8.36,2.89,0.82,0.297,0.753,0.470,0.097,3.44,3.5,3.59,39,4930
Adam Wainwright,Cardinals,134,76,3,320,254,1768.1,7.57,2.29,0.64,0.295,0.747,0.483,0.080,3.17,3.21,3.48,38.2,2233
Max Scherzer,- - -,125,69,0,274,265,1696.1,9.98,2.54,1.01,0.294,0.756,0.377,0.102,3.39,3.29,3.34,37.7,3137
Greg Maddux,- - -,134,101,0,308,308,1939.2,5.62,1.43,0.91,0.286,0.707,0.515,0.120,3.7,3.71,3.73,37.6,104
David Price,- - -,121,65,0,253,248,1671.2,8.61,2.27,0.86,0.289,0.749,0.442,0.096,3.21,3.25,3.37,36.4,3184
Derek Lowe,- - -,165,139,67,524,358,2370,5.75,2.67,0.74,0.299,0.693,0.623,0.124,4.03,3.84,3.72,36,199
Kevin Millwood,- - -,129,134,0,375,373,2266.2,6.64,2.81,1,0.301,0.709,0.426,0.097,4.26,4.08,4.15,36,106
Josh Beckett,- - -,138,106,0,335,332,2051,8.34,2.76,1.04,0.289,0.725,0.438,0.112,3.88,3.78,3.66,35.6,510
Roger Clemens,- - -,107,50,0,229,228,1454.1,8.39,2.96,0.8,0.283,0.742,0.468,0.089,3.34,3.43,3.5,34.8,815
Ben Sheets,- - -,94,96,0,250,250,1596.2,7.47,2.08,1.04,0.295,0.722,0.419,0.099,3.78,3.66,3.62,33,710
Chris Carpenter,- - -,120,72,0,279,271,1813,6.95,2.39,0.89,0.29,0.738,0.512,0.098,3.59,3.73,3.41,32.3,1292
Aaron Harang,- - -,128,143,0,387,381,2322,7.14,2.76,1.16,0.304,0.729,0.380,0.102,4.26,4.18,4.21,31.9,1451
Jered Weaver,Angels,150,93,0,322,322,2025,7.1,2.4,1.09,0.273,0.766,0.329,0.086,3.55,3.99,4.33,31.6,4235
James Shields,- - -,133,116,0,352,351,2294.1,7.76,2.41,1.18,0.298,0.742,0.443,0.123,3.91,4,3.74,30.8,7059
Carlos Zambrano,- - -,132,91,0,354,302,1959,7.52,4.13,0.74,0.277,0.737,0.484,0.089,3.66,4.01,4.17,30.6,305
Barry Zito,- - -,165,143,0,433,421,2576.2,6.58,3.72,0.98,0.274,0.727,0.380,0.090,4.04,4.39,4.74,30.5,944
Mariano Rivera,Yankees,56,47,523,849,0,907,8.3,1.66,0.49,0.263,0.810,0.524,0.065,2.05,2.62,2.99,29.7,844
Brandon Webb,Diamondbacks,87,62,0,199,198,1319.2,7.26,2.97,0.63,0.286,0.725,0.643,0.135,3.27,3.5,3.3,29.7,1692
Matt Cain,Giants,101,107,0,315,308,1961.1,7.43,3.04,0.89,0.268,0.741,0.376,0.080,3.57,3.84,4.21,29.4,4732
Livan Hernandez,- - -,151,150,1,438,394,2655.2,5.41,2.87,1.01,0.306,0.713,0.416,0.097,4.45,4.36,4.51,29.3,1116
Freddy Garcia,- - -,139,100,0,343,324,2062.2,6.33,2.7,1.16,0.28,0.730,0.420,0.119,4.16,4.32,4.17,29.1,1077
Tim Lincecum,- - -,110,89,1,278,270,1682,9.29,3.58,0.79,0.3,0.732,0.464,0.099,3.74,3.45,3.48,28.6,5705
Jason Schmidt,- - -,89,54,0,197,197,1260.1,8.73,3.49,0.77,0.28,0.722,0.382,0.076,3.63,3.47,3.84,28.3,1131
Johnny Cueto,- - -,114,75,0,258,258,1640,7.51,2.5,0.88,0.278,0.766,0.456,0.099,3.23,3.7,3.79,28.1,6893
Chris Sale,White Sox,74,50,12,228,148,1110,10.09,2.11,0.92,0.291,0.779,0.438,0.112,3,3.06,3.04,27.8,10603
Madison Bumgarner,Giants,100,67,0,217,214,1397.2,8.89,2.07,0.84,0.285,0.764,0.445,0.095,2.99,3.12,3.28,27.7,5524
Ubaldo Jimenez,- - -,108,106,1,298,290,1727.1,8.24,4.12,0.8,0.296,0.712,0.474,0.095,4.13,3.92,4.04,27.5,3374
Ryan Dempster,- - -,124,120,87,540,315,2185.1,7.88,3.87,0.99,0.3,0.719,0.458,0.109,4.26,4.14,4,27.5,517
John Smoltz,- - -,56,42,154,367,125,1058.2,8.38,2.01,0.79,0.297,0.752,0.457,0.089,3.28,3.1,3.28,27.4,115
Brad Penny,- - -,121,101,0,349,319,1925,5.95,2.89,0.91,0.302,0.704,0.463,0.095,4.29,4.12,4.28,26.8,535
Randy Wolf,- - -,127,116,1,368,358,2206.2,6.93,3.12,1.13,0.29,0.734,0.392,0.106,4.17,4.33,4.34,26.6,976
Kyle Lohse,- - -,147,143,2,457,418,2531.2,5.74,2.47,1.12,0.295,0.710,0.412,0.100,4.4,4.35,4.39,26.3,739
Ted Lilly,- - -,130,112,0,347,328,1959,7.59,3,1.31,0.268,0.738,0.341,0.108,4.1,4.39,4.27,26.1,833
Ervin Santana,- - -,133,116,0,346,343,2172,7.2,2.81,1.14,0.286,0.727,0.403,0.107,4.09,4.22,4.18,25.4,3200
Scott Kazmir,- - -,108,96,0,298,297,1689.2,8.57,3.63,1.01,0.299,0.733,0.402,0.097,4.01,4.01,4.11,25.1,4897
Anibal Sanchez,- - -,87,87,0,256,245,1487.1,7.93,3.06,0.91,0.298,0.720,0.437,0.095,3.93,3.76,3.92,24.8,3284
Bronson Arroyo,- - -,145,131,1,405,369,2364.2,5.81,2.44,1.23,0.281,0.724,0.411,0.110,4.19,4.53,4.36,24.7,978
Gio Gonzalez,- - -,102,77,0,249,243,1442,8.81,3.74,0.74,0.298,0.728,0.477,0.091,3.73,3.53,3.7,24.4,7448
David Wells,- - -,98,58,0,216,215,1362,5.23,1.4,1.04,0.307,0.705,0.453,0.101,4.25,3.96,4.12,24.3,855
Ricky Nolasco,- - -,108,103,0,297,279,1706.2,7.22,2.12,1.08,0.312,0.684,0.419,0.105,4.52,3.85,3.85,24,3830
Yovani Gallardo,- - -,108,83,0,270,267,1591.2,8.1,3.41,0.94,0.297,0.743,0.464,0.110,3.79,3.84,3.76,23.7,8173
Hiroki Kuroda,- - -,79,79,0,212,211,1319,6.73,1.99,0.88,0.281,0.727,0.486,0.101,3.45,3.61,3.61,23.7,3283
Francisco Liriano,- - -,96,92,1,285,256,1513,9.26,3.9,0.87,0.299,0.718,0.495,0.116,4.05,3.7,3.58,23.4,3201
Kelvim Escobar,- - -,77,75,45,329,162,1222.1,7.9,3.5,0.82,0.298,0.715,0.450,0.080,3.99,3.79,4,23,1298
Erik Bedard,- - -,71,82,1,241,230,1303.2,8.6,3.68,0.9,0.303,0.719,0.419,0.093,3.99,3.82,3.98,22.8,126
Doug Davis,- - -,92,108,0,304,286,1713,6.7,4.11,0.93,0.307,0.721,0.446,0.099,4.39,4.39,4.44,22.7,1244
Stephen Strasburg,Nationals,69,41,0,156,156,924.1,10.55,2.3,0.86,0.299,0.737,0.451,0.113,3.17,2.85,2.8,22.7,10131
Jon Lieber,- - -,83,66,0,219,192,1312,5.89,1.5,1.19,0.293,0.701,0.447,0.120,4.25,4.06,3.88,22.5,287
Jamie Moyer,- - -,151,108,0,350,344,2145.2,5.36,2.47,1.26,0.277,0.727,0.399,0.108,4.3,4.66,4.65,22.4,1091
Brad Radke,Twins,82,71,0,214,214,1366,5.29,1.36,1.15,0.297,0.713,0.412,0.107,4.16,4.09,4.19,22.3,748
Matt Morris,- - -,102,78,4,257,226,1475.1,6.01,2.43,0.95,0.299,0.697,0.482,0.112,4.21,4.04,4.16,22.2,1172
Matt Garza,- - -,87,97,1,266,262,1596,7.34,3.02,1.02,0.291,0.709,0.428,0.101,4.03,4.05,4.07,22.1,3340
Esteban Loaiza,- - -,87,75,1,237,217,1386,6.22,2.48,1.12,0.309,0.705,0.422,0.101,4.59,4.23,4.17,22.1,1310
Jon Garland,- - -,136,125,1,365,342,2151.1,4.84,3.02,1.1,0.286,0.708,0.453,0.108,4.37,4.69,4.57,21.9,232
Jordan Zimmermann,- - -,79,57,0,197,196,1199.1,7.27,1.85,0.89,0.294,0.739,0.430,0.092,3.45,3.49,3.68,21.7,4505
Jeff Weaver,- - -,95,107,2,326,245,1674.1,5.91,2.47,1.08,0.301,0.697,0.401,0.098,4.62,4.33,4.51,21.6,503
Corey Kluber,Indians,58,44,0,139,134,887.1,9.49,2.1,0.83,0.306,0.735,0.450,0.104,3.33,3.03,3.12,21.4,2429
Josh Johnson,- - -,58,45,0,170,160,998,8.25,3.05,0.67,0.302,0.742,0.471,0.082,3.4,3.32,3.57,21.3,4567
Joe Blanton,- - -,99,93,2,376,252,1723.1,6.5,2.37,1.11,0.302,0.712,0.439,0.108,4.35,4.13,4.08,21,4849
Tom Glavine,- - -,118,87,0,283,283,1753.2,4.87,3.08,0.91,0.28,0.748,0.452,0.094,3.77,4.4,4.57,20.9,90
Carl Pavano,- - -,96,90,0,259,243,1550,5.45,2.01,1.01,0.305,0.697,0.464,0.102,4.33,4.11,4.12,20.7,790
Rick Porcello,- - -,107,82,0,245,241,1468.1,6.09,2.04,0.97,0.307,0.701,0.502,0.113,4.2,3.94,3.86,20.5,2717
Joel Pineiro,- - -,104,93,2,335,263,1754.1,5.43,2.5,0.99,0.298,0.701,0.492,0.110,4.41,4.21,4.17,20.5,1094
Kevin Brown,- - -,54,36,0,137,129,825.2,7.59,2.38,0.74,0.29,0.732,0.537,0.102,3.3,3.35,3.54,20.2,642
Wandy Rodriguez,- - -,97,98,0,275,263,1557.1,7.4,3.09,1.07,0.298,0.716,0.446,0.113,4.1,4.13,3.99,20,2586
Kenny Rogers,- - -,105,78,0,260,257,1601.1,4.8,2.95,0.97,0.299,0.701,0.459,0.100,4.51,4.53,4.6,19.8,1277
Chad Billingsley,- - -,83,64,0,226,197,1212.1,7.81,3.7,0.68,0.304,0.736,0.463,0.077,3.72,3.7,4.02,19.6,5842
Mat Latos,- - -,71,58,0,194,186,1138.1,7.91,2.73,0.88,0.281,0.727,0.434,0.091,3.6,3.56,3.75,19.6,3815
Joe Nathan,- - -,57,30,376,768,15,833,9.96,3.22,0.72,0.261,0.786,0.380,0.071,2.72,3.08,3.22,19.6,1122
Jose Quintana,White Sox,46,46,0,154,151,951,7.39,2.31,0.8,0.305,0.751,0.442,0.087,3.41,3.47,3.79,19.5,11423
Jarrod Washburn,- - -,97,101,1,281,279,1728,5.29,2.69,1.16,0.273,0.743,0.362,0.088,4.03,4.59,4.86,19.5,40
Kerry Wood,- - -,73,69,63,420,152,1213.1,10.01,4.31,0.99,0.276,0.763,0.389,0.109,3.71,3.92,3.79,19.3,304
Jonathan Papelbon,- - -,41,36,368,689,3,725.2,10.02,2.29,0.71,0.278,0.794,0.390,0.072,2.44,2.81,3.27,19.1,5975
Jake Arrieta,- - -,74,46,0,167,161,992.2,8.22,3.16,0.78,0.266,0.719,0.486,0.103,3.58,3.56,3.6,18.8,4153
Tim Wakefield,Red Sox,121,113,7,411,292,2041.2,6.11,3.08,1.18,0.272,0.689,0.396,0.094,4.46,4.63,4.76,18.7,219
Mark Mulder,- - -,103,60,0,205,203,1314,5.71,2.82,0.97,0.294,0.716,0.552,0.137,4.18,4.23,3.97,18.7,932
C.J. Wilson,- - -,94,70,52,444,192,1430.1,7.92,3.79,0.74,0.29,0.718,0.486,0.092,3.74,3.82,3.93,18.6,3580
Doug Fister,- - -,77,76,1,212,199,1266,6.02,1.95,0.85,0.295,0.733,0.483,0.094,3.6,3.78,3.94,18.5,9425
Jake Westbrook,- - -,105,103,0,315,273,1747.2,4.97,2.94,0.76,0.301,0.692,0.587,0.115,4.32,4.17,4.06,18.2,412
Brett Myers,- - -,97,96,40,381,252,1710,7.26,2.93,1.3,0.292,0.740,0.476,0.145,4.25,4.41,3.87,18.2,962
Phil Hughes,- - -,84,76,3,253,200,1204.2,7.25,2.17,1.26,0.302,0.713,0.344,0.102,4.41,4.11,4.15,18,7450
John Danks,White Sox,79,104,0,247,247,1503.1,6.6,2.94,1.18,0.291,0.717,0.417,0.108,4.38,4.41,4.31,17.9,6329
Vicente Padilla,- - -,108,90,6,381,237,1568.2,6.43,3.14,1.03,0.295,0.718,0.462,0.113,4.3,4.4,4.36,17.8,964
Jose Contreras,- - -,78,67,9,299,175,1173,6.82,3.28,1.01,0.292,0.678,0.460,0.102,4.57,4.29,4.32,17.5,1660
Francisco Rodriguez,- - -,50,48,430,920,0,950.2,10.59,3.58,0.84,0.27,0.807,0.435,0.103,2.73,3.2,3.23,17.2,1642
Odalis Perez,- - -,69,75,0,224,204,1231.1,6.09,2.42,1.09,0.297,0.706,0.477,0.123,4.34,4.16,3.96,17.1,668
Edwin Jackson,- - -,93,114,1,361,275,1724.1,6.93,3.55,1.01,0.31,0.695,0.440,0.102,4.65,4.27,4.28,17.1,1841
R.A. Dickey,- - -,110,108,2,369,269,1883.2,6.41,2.85,1.14,0.28,0.733,0.449,0.114,4.01,4.38,4.26,17,1245
Cory Lidle,- - -,74,70,0,218,196,1236,5.68,2.43,1.11,0.292,0.673,0.488,0.130,4.62,4.32,4.04,17,926
Matt Clement,- - -,75,74,0,203,203,1218.1,7.9,4.11,0.93,0.285,0.703,0.493,0.121,4.46,4.22,3.86,16.9,271
Jason Hammel,- - -,84,87,4,306,248,1503,7.13,2.87,1.13,0.299,0.712,0.436,0.115,4.42,4.22,4.07,16.7,4538
Glendon Rusch,- - -,55,74,3,279,169,1147.1,6.86,2.78,1.1,0.326,0.695,0.414,0.112,4.82,4.12,4.27,16.7,707
Dontrelle Willis,- - -,72,69,0,205,202,1221.2,6.6,3.68,0.84,0.303,0.726,0.459,0.093,4.17,4.22,4.37,16.6,1703
Aaron Cook,- - -,76,79,0,256,224,1406.1,3.7,2.75,0.81,0.306,0.690,0.575,0.108,4.6,4.46,4.41,16.4,1571
Billy Wagner,- - -,30,26,321,629,0,650,11.1,2.66,0.83,0.256,0.816,0.424,0.096,2.3,2.82,2.76,16.4,578
Mark Prior,Cubs,42,29,0,106,106,657,10.37,3.05,1.05,0.3,0.768,0.374,0.110,3.51,3.41,3.38,16.3,301
Rich Harden,- - -,59,38,0,170,160,928.1,9.2,4.09,1.02,0.279,0.748,0.388,0.105,3.76,3.95,3.92,16.3,1772
Al Leiter,- - -,72,61,0,186,179,1096.1,7.12,3.94,0.85,0.283,0.737,0.414,0.084,3.78,4.16,4.83,16.2,883
Gavin Floyd,- - -,74,76,0,243,196,1250,7.09,2.99,1.15,0.29,0.706,0.448,0.118,4.37,4.34,4.12,16.2,3886
Sidney Ponson,- - -,71,92,0,235,226,1415.1,5.3,3.1,1.07,0.311,0.679,0.513,0.113,5.05,4.56,4.44,16.1,161
Woody Williams,- - -,92,70,0,225,221,1394.2,5.83,2.5,1.21,0.278,0.738,0.376,0.096,4.1,4.49,4.64,16.1,1190
Jeff Francis,- - -,72,82,1,254,217,1291,6.06,2.68,1.12,0.315,0.691,0.446,0.108,4.97,4.39,4.31,16,4684
Mark Redman,- - -,67,85,0,214,202,1226,5.4,2.94,1.01,0.302,0.681,0.424,0.088,4.82,4.39,4.67,16,491
Ian Kennedy,- - -,86,79,0,239,237,1430.1,8.33,3.01,1.17,0.288,0.746,0.374,0.110,3.94,4.09,4.03,15.8,6986
Scott Baker,- - -,66,53,0,193,172,1064.2,7.09,2.07,1.23,0.297,0.728,0.334,0.097,4.26,4.07,4.12,15.7,6176
Chris Capuano,- - -,77,92,0,316,225,1429.2,7.55,2.91,1.23,0.302,0.721,0.412,0.117,4.38,4.29,4.1,15.7,1701
Jeremy Bonderman,- - -,69,81,0,225,200,1231,7.03,3.15,1.13,0.305,0.673,0.463,0.117,4.91,4.31,4.13,15.6,1667
Yu Darvish,Rangers,46,30,0,100,100,645.2,11.32,3.47,0.91,0.294,0.766,0.414,0.111,3.29,3.15,3.12,15.5,13074
Jeff Suppan,- - -,120,121,0,360,342,2097.2,4.88,3.14,1.19,0.295,0.716,0.459,0.117,4.58,4.89,4.66,15.4,633
Paul Maholm,- - -,77,100,0,273,250,1556.1,5.69,2.95,0.86,0.306,0.709,0.522,0.107,4.3,4.22,4.16,15.1,8678
Gil Meche,- - -,76,79,0,242,228,1346.2,6.7,3.59,1.12,0.294,0.711,0.417,0.107,4.47,4.49,4.47,15,1089
Rafael Betancourt,- - -,38,37,75,680,0,685.2,9.5,2.15,0.93,0.287,0.736,0.295,0.076,3.36,3.05,3.54,15,177
Jeff Samardzija,- - -,59,72,1,286,163,1195,8.04,2.86,1.01,0.294,0.712,0.448,0.111,4.04,3.84,3.81,14.9,3254
Jorge de la Rosa,- - -,101,84,0,306,241,1415.1,7.51,4.07,1.05,0.301,0.703,0.469,0.121,4.64,4.43,4.22,14.6,2047
Clay Buchholz,Red Sox,81,61,0,206,188,1167.2,6.93,3.21,0.89,0.287,0.713,0.478,0.098,3.96,4.04,4.15,14.3,3543
Justin Masterson,- - -,64,74,0,258,184,1201,7.52,3.73,0.73,0.308,0.701,0.563,0.106,4.31,3.94,3.89,14.2,2038
Craig Kimbrel,- - -,21,18,256,412,0,401.1,14.49,3.59,0.49,0.267,0.832,0.427,0.079,1.86,1.88,2.13,14.2,6655
Aroldis Chapman,- - -,23,21,182,383,0,377,15.18,4.13,0.45,0.28,0.817,0.423,0.079,2.08,1.88,2.14,14.2,10233
Matt Harvey,Mets,29,28,0,82,82,519.2,9.09,2.06,0.66,0.291,0.754,0.447,0.079,2.94,2.79,3.21,14.1,11713
J.A. Happ,- - -,82,65,0,228,203,1207.2,7.62,3.42,1.07,0.289,0.745,0.393,0.101,3.98,4.16,4.23,14.1,7410
Octavio Dotel,- - -,51,47,109,739,20,865.2,11,3.77,1.09,0.282,0.755,0.326,0.097,3.62,3.58,3.6,14,555
Jose Fernandez,Marlins,38,17,0,76,76,471.1,11.25,2.67,0.59,0.292,0.772,0.430,0.085,2.58,2.44,2.72,13.9,11530
Brandon McCarthy,- - -,57,68,0,221,166,1052.1,6.59,2.35,1.07,0.296,0.707,0.432,0.107,4.17,4.04,3.97,13.9,4662
Paul Byrd,- - -,82,77,0,218,212,1318.2,4.67,1.75,1.32,0.292,0.698,0.371,0.100,4.46,4.63,4.64,13.8,594
Kenley Jansen,Dodgers,19,13,189,409,0,408.2,13.92,2.62,0.66,0.271,0.824,0.334,0.080,2.2,1.93,2.28,13.8,3096
Zach Duke,- - -,60,84,4,441,169,1266.1,5.49,2.66,0.88,0.32,0.711,0.499,0.101,4.31,4.14,4.15,13.7,3840
Homer Bailey,Reds,60,54,0,174,174,1033,7.48,2.89,1.04,0.3,0.715,0.447,0.111,4.24,4.01,3.89,13.7,8362
Mike Hampton,- - -,78,72,0,211,201,1225.1,5.04,3.75,0.9,0.3,0.698,0.509,0.111,4.54,4.55,4.54,13.6,430
Lance Lynn,Cardinals,61,39,1,150,128,791.1,8.71,3.31,0.67,0.309,0.760,0.444,0.079,3.37,3.36,3.7,13.6,2520
Jaime Garcia,Cardinals,62,45,0,158,147,896,7.26,2.62,0.79,0.302,0.718,0.565,0.115,3.57,3.56,3.48,13.5,8137
John Thomson,- - -,47,55,0,149,146,880.1,5.66,2.38,1.09,0.294,0.674,0.431,0.105,4.42,4.22,4.22,13.5,453
Mike Pelfrey,- - -,65,91,1,241,235,1356.1,5.04,3.19,0.76,0.317,0.703,0.485,0.082,4.57,4.29,4.58,13.5,5203
Trevor Hoffman,- - -,25,47,373,596,0,580.1,8.58,2.22,0.84,0.268,0.755,0.342,0.064,3.02,3.16,3.79,13.4,1035
Eric Gagne,- - -,32,25,187,397,43,613.2,10.09,3.09,1.07,0.277,0.754,0.400,0.094,3.53,3.57,2.56,13.4,650
Chris Archer,Rays,41,51,0,128,126,766,9.34,3.01,0.93,0.288,0.730,0.467,0.113,3.51,3.48,3.46,13.4,6345
Chris Young,- - -,79,67,1,257,219,1267.2,7.38,3.46,1.27,0.252,0.758,0.268,0.090,3.87,4.55,4.88,13.3,3196
Shaun Marcum,- - -,61,48,1,195,167,1030,7.3,2.74,1.22,0.274,0.749,0.382,0.108,3.93,4.26,4.14,13.1,6204
Francisco Cordero,- - -,45,51,329,780,0,805.2,8.68,3.99,0.69,0.3,0.759,0.429,0.071,3.38,3.59,3.78,13,1243
Chan Ho Park,- - -,77,65,2,325,180,1269.1,7.46,4.01,1.06,0.29,0.715,0.454,0.121,4.52,4.52,4.57,13,1267
Wade Miller,- - -,62,45,0,146,146,884,7.54,3.79,1.06,0.283,0.733,0.425,0.099,4.03,4.25,4.3,12.9,568
Colby Lewis,- - -,77,72,0,233,195,1215,7.12,2.79,1.32,0.294,0.699,0.355,0.108,4.7,4.47,4.42,12.9,1259
Gerrit Cole,Pirates,47,30,0,94,94,579.1,8.36,2.3,0.56,0.316,0.736,0.480,0.076,3.23,2.98,3.35,12.9,13125
Dallas Keuchel,Astros,50,47,0,135,126,839,7.15,2.55,0.88,0.297,0.724,0.589,0.145,3.78,3.71,3.41,12.7,9434
Orlando Hernandez,- - -,61,52,2,165,157,959.1,7.49,3.19,1.33,0.27,0.739,0.370,0.103,4.29,4.58,4.41,12.7,823
Russ Ortiz,- - -,91,76,0,256,220,1365.1,6.28,4.54,0.95,0.286,0.709,0.418,0.096,4.58,4.62,4.94,12.6,1124
Miguel Batista,- - -,91,98,40,542,212,1637,5.66,4.08,0.92,0.292,0.705,0.490,0.093,4.46,4.63,4.66,12.6,46
Eric Milton,- - -,74,60,0,205,204,1203.2,6.41,2.39,1.6,0.282,0.691,0.309,0.115,4.99,4.82,4.78,12.4,743
Jon Niese,- - -,69,68,0,211,197,1189.1,6.92,2.78,0.99,0.31,0.721,0.501,0.123,4.07,4.02,3.82,12.2,4424
Jason Jennings,- - -,62,74,1,225,180,1128.1,5.97,4.03,1.09,0.309,0.707,0.452,0.117,4.95,4.75,4.63,12.2,434
Mike Leake,- - -,73,64,0,207,202,1260.1,6.11,2.18,1.1,0.293,0.733,0.507,0.136,3.99,4.16,3.8,12.2,10130
Edinson Volquez,- - -,89,79,0,259,252,1432.1,7.72,4.2,0.93,0.3,0.711,0.485,0.111,4.44,4.29,4.24,12.2,3990
John Burkett,- - -,47,35,0,126,115,708.1,6.71,2.77,0.95,0.307,0.710,0.408,0.109,4.29,3.96,4.31,12.1,179
Michael Pineda,- - -,32,37,0,100,100,583.2,9.17,2.1,1.09,0.3,0.707,0.430,0.119,3.99,3.42,3.28,12.1,5372
Derek Holland,Rangers,62,50,0,179,158,985,7.22,2.84,1.21,0.296,0.711,0.423,0.116,4.35,4.25,4.11,12.1,4141
Jason Vargas,- - -,67,70,0,216,196,1221.2,5.93,2.63,1.11,0.284,0.727,0.374,0.089,4.18,4.31,4.54,12.1,8044
Joaquin Benoit,- - -,57,43,51,712,55,1018.1,8.94,3.67,1.08,0.265,0.743,0.363,0.098,3.79,3.97,4.06,12,1437
Hisashi Iwakuma,Mariners,63,37,2,144,130,852.2,7.37,1.83,1.14,0.281,0.778,0.478,0.132,3.39,3.77,3.52,12,13048
Wade Davis,- - -,55,37,47,334,88,776.2,7.98,3.29,0.83,0.289,0.754,0.396,0.082,3.53,3.69,3.97,12,7441
Jacob deGrom,Mets,30,22,0,76,76,479.1,9.24,2.2,0.71,0.292,0.785,0.451,0.092,2.74,2.89,3.12,11.9,10954
David Robertson,- - -,36,27,118,524,0,519,11.88,3.66,0.75,0.306,0.791,0.431,0.099,2.97,2.82,2.89,11.9,8241
Carlos Carrasco,Indians,44,46,1,143,109,702.1,8.59,2.42,0.99,0.304,0.717,0.506,0.128,3.92,3.5,3.28,11.8,6632
LaTroy Hawkins,- - -,49,50,127,943,0,946,6.51,2.54,0.73,0.292,0.754,0.480,0.085,3.28,3.57,3.71,11.7,729
Brian Lawrence,- - -,50,63,0,168,152,963,5.58,2.5,0.94,0.296,0.713,0.507,0.111,4.19,4.13,4.14,11.7,1045
Wade Miley,- - -,58,59,0,168,164,998.1,7.06,2.79,0.96,0.308,0.721,0.484,0.116,4.18,3.91,3.84,11.6,8779
Brad Lidge,- - -,26,32,225,603,1,603.1,11.92,4.28,0.85,0.308,0.758,0.409,0.104,3.54,3.27,3.27,11.6,563
Jeremy Guthrie,- - -,91,108,0,305,272,1764.2,5.33,2.58,1.28,0.284,0.729,0.407,0.110,4.37,4.77,4.63,11.6,2072
Koji Uehara,- - -,19,22,93,387,12,437.2,10.73,1.36,1.09,0.249,0.812,0.306,0.095,2.53,2.76,2.91,11.5,9227
Mark Hendrickson,- - -,58,74,1,328,166,1169,5.13,2.66,1.12,0.308,0.660,0.448,0.108,5.03,4.51,4.47,11.5,1574
Rodrigo Lopez,- - -,81,89,0,257,215,1350.2,5.76,2.77,1.35,0.299,0.698,0.418,0.122,4.82,4.73,4.43,11.5,150
Arthur Rhodes,- - -,44,34,24,663,0,565.1,9.12,3.18,0.75,0.277,0.759,0.398,0.078,3.22,3.22,3.73,11.5,1097
Kris Benson,- - -,59,61,0,175,169,1047,5.73,3.08,1.17,0.291,0.707,0.401,0.106,4.49,4.62,4.75,11.4,982
Scott Feldman,- - -,71,77,0,321,183,1275,5.57,2.85,0.99,0.291,0.689,0.474,0.107,4.4,4.38,4.34,11.4,6283
Jonathan Broxton,- - -,43,37,118,674,0,660.1,10.11,3.5,0.67,0.301,0.733,0.474,0.089,3.33,3.1,3.27,11.1,4759
Matt Thornton,- - -,36,46,23,748,1,662.2,8.72,3.41,0.71,0.296,0.747,0.482,0.087,3.41,3.41,3.61,11,1918
Tomo Ohka,- - -,50,66,0,194,176,1057,4.96,2.52,1.18,0.292,0.720,0.423,0.109,4.23,4.59,4.56,11,788
Rich Hill,- - -,38,28,0,221,94,610.1,9.08,3.91,0.94,0.282,0.716,0.372,0.092,4.1,3.96,4.16,10.9,4806
Darren Oliver,- - -,64,58,5,583,101,1081.2,6.19,2.95,1.04,0.303,0.707,0.452,0.099,4.48,4.32,4.14,10.9,206
Jhoulys Chacin,- - -,46,57,0,163,135,842.2,6.98,3.68,0.83,0.287,0.721,0.482,0.101,3.94,4.04,4.1,10.9,2608
Byung-Hyun Kim,- - -,53,58,85,369,87,813.2,8.57,3.94,1.02,0.295,0.711,0.438,0.105,4.41,4.24,4.37,10.9,61
Dave Bush,- - -,56,69,0,211,187,1144.1,6.04,2.33,1.34,0.287,0.687,0.422,0.119,4.73,4.69,4.4,10.8,4635
Chuck Finley,- - -,35,33,0,88,88,522.1,7.91,3.69,0.86,0.314,0.684,0.498,0.083,4.46,3.8,3.51,10.8,384
Hideo Nomo,- - -,62,60,0,172,168,1015.2,7.86,4.26,1.28,0.287,0.726,0.352,0.113,4.64,4.61,4.66,10.8,666
Brandon Morrow,- - -,45,43,16,254,113,784.2,9.13,4.01,0.99,0.295,0.718,0.389,0.096,4.16,3.92,3.99,10.7,9346
Bud Norris,- - -,62,78,0,231,185,1101.2,8.27,3.57,1.14,0.308,0.713,0.415,0.116,4.51,4.22,4.06,10.7,9492
Rafael Soriano,- - -,24,28,207,591,8,636.1,9.07,2.79,0.88,0.258,0.795,0.322,0.077,2.89,3.35,3.76,10.7,1100
Tyson Ross,- - -,32,53,1,153,102,670.2,8.49,3.64,0.56,0.31,0.714,0.560,0.094,3.64,3.38,3.48,10.6,7872
Jason Johnson,- - -,46,88,0,217,187,1175.2,5.36,3.18,1.18,0.301,0.681,0.492,0.118,4.91,4.75,4.38,10.6,147
Huston Street,- - -,42,34,324,664,0,676,8.81,2.42,0.93,0.264,0.780,0.369,0.090,2.97,3.33,3.54,10.5,8258
B.J. Ryan,- - -,20,28,117,546,0,516.1,10.39,4.38,0.73,0.287,0.758,0.419,0.075,3.38,3.37,3.41,10.4,168
Brett Anderson,- - -,38,43,3,127,115,685.2,6.65,2.4,0.83,0.311,0.707,0.582,0.118,3.86,3.7,3.55,10.4,8223
Chris Tillman,Orioles,72,48,0,179,179,1025.1,6.77,3.23,1.18,0.278,0.739,0.400,0.110,4.13,4.45,4.41,10.4,5279
J.J. Putz,- - -,37,33,189,572,0,566.2,9.51,2.92,0.79,0.284,0.779,0.479,0.094,3.08,3.21,3.31,10.3,1795
Marco Estrada,- - -,45,43,0,217,128,898,8.06,2.67,1.32,0.256,0.736,0.346,0.109,3.86,4.18,4.19,10.3,1118
Carlos Silva,- - -,70,70,2,316,180,1241.2,4.02,1.73,1.11,0.31,0.698,0.479,0.110,4.68,4.49,4.4,10.2,973
Wei-Yin Chen,- - -,51,37,0,139,139,830,7.02,2.13,1.29,0.292,0.758,0.388,0.117,3.9,4.19,4.08,10.2,13071
Elmer Dessens,- - -,50,56,5,380,132,1071.1,5.33,2.68,1.12,0.296,0.721,0.477,0.117,4.28,4.44,4.36,10.2,317
Matt Belisle,- - -,49,55,5,598,44,834,6.82,2.21,0.91,0.321,0.702,0.473,0.104,4.2,3.76,3.74,10.1,1837
Chien-Ming Wang,- - -,68,34,1,174,126,845.2,4.19,2.68,0.69,0.299,0.690,0.585,0.097,4.36,4.19,4.27,10.1,2074
Ryan Madson,- - -,54,39,85,622,18,758,7.77,2.67,0.87,0.301,0.765,0.481,0.104,3.47,3.67,3.69,10,1852
Masahiro Tanaka,Yankees,39,16,0,75,75,490,8.17,1.54,1.14,0.27,0.766,0.474,0.141,3.12,3.53,3.23,10,15764
Julio Teheran,Braves,47,40,0,133,130,821.1,7.77,2.4,1.06,0.275,0.766,0.374,0.101,3.39,3.85,3.97,10,6797
Aaron Sele,- - -,73,59,0,230,178,1113.1,4.66,3.03,1.05,0.303,0.704,0.414,0.097,4.75,4.68,5.19,10,34
Andrew Miller,- - -,43,41,49,389,66,628.2,10.21,4.27,0.83,0.311,0.698,0.476,0.114,4.22,3.64,3.53,10,6785
Steve Trachsel,- - -,83,90,0,233,231,1354.2,5.06,3.53,1.19,0.285,0.727,0.416,0.100,4.42,4.91,5.12,9.9,898
Adam Eaton,- - -,71,68,0,209,201,1178.2,6.53,3.42,1.28,0.298,0.701,0.395,0.116,4.94,4.76,4.64,9.9,1029
Oliver Perez,- - -,69,86,2,502,195,1334,9.43,4.88,1.26,0.293,0.737,0.335,0.112,4.46,4.62,4.51,9.9,1514
Jair Jurrjens,- - -,53,38,0,130,128,767.1,6.03,3.1,0.82,0.289,0.739,0.437,0.081,3.72,4.04,4.31,9.9,5556
Heath Bell,- - -,38,32,168,590,0,628.2,9.12,3.06,0.69,0.312,0.745,0.482,0.089,3.49,3.17,3.31,9.9,2080
Joakim Soria,- - -,24,28,203,514,0,517.2,9.54,2.66,0.8,0.278,0.803,0.440,0.092,2.76,3.16,3.31,9.8,6941
Greg Holland,Royals,18,12,145,309,0,319.2,12.11,3.52,0.45,0.301,0.788,0.444,0.063,2.42,2.23,2.65,9.8,7196
Brett Tomko,- - -,71,77,2,308,187,1307.1,5.65,2.83,1.29,0.291,0.696,0.422,0.115,4.77,4.68,4.46,9.8,1056
Kip Wells,- - -,65,102,2,289,212,1302.2,6.45,4.28,1.03,0.298,0.702,0.493,0.116,4.73,4.7,4.52,9.7,1012
Collin McHugh,- - -,43,34,0,105,99,590.1,8.13,2.45,1.04,0.312,0.726,0.425,0.110,4.13,3.75,3.81,9.6,7531
Darryl Kile,Cardinals,41,24,0,82,82,544.1,6.96,2.5,1.06,0.286,0.776,0.422,0.090,3.54,4.06,4.69,9.6,1163
Joe Kennedy,- - -,43,61,2,222,139,908.2,5.53,3.32,1.04,0.302,0.687,0.436,0.094,4.79,4.61,4.84,9.5,1217
Noah Syndergaard,Mets,23,16,0,55,54,333.2,10.36,2,0.81,0.309,0.761,0.490,0.115,2.89,2.72,2.78,9.5,11762
Tommy Hanson,- - -,49,35,0,123,121,708,8.24,3.17,0.99,0.292,0.740,0.395,0.094,3.8,3.86,3.97,9.5,9129
Scot Shields,Angels,46,44,21,491,15,697,8.15,3.59,0.71,0.277,0.744,0.507,0.094,3.18,3.58,3.71,9.4,35
Jeremy Hellickson,- - -,61,58,0,174,167,975,6.81,2.75,1.19,0.273,0.748,0.394,0.110,3.9,4.3,4.27,9.4,4371
Kyle Hendricks,Cubs,31,17,0,76,75,450.1,7.67,2.04,0.72,0.272,0.760,0.494,0.095,2.92,3.29,3.51,9.4,12049
Nathan Eovaldi,- - -,38,46,0,134,127,739,6.56,2.91,0.8,0.309,0.715,0.470,0.090,4.21,3.85,4.09,9.3,9132
Sean Marshall,- - -,37,46,16,396,59,615.1,7.85,3.23,0.88,0.297,0.729,0.497,0.106,3.86,3.84,3.78,9.3,5905
Sonny Gray,Athletics,38,31,0,98,96,608,7.59,2.89,0.8,0.278,0.728,0.541,0.110,3.42,3.61,3.61,9.1,12768
Rick Reed,- - -,44,36,0,122,115,709.1,5.77,1.52,1.38,0.284,0.723,0.400,0.120,4.19,4.36,4.36,9.1,750
Garrett Richards,Angels,40,32,2,148,93,640.2,7.46,3.19,0.7,0.284,0.707,0.528,0.097,3.58,3.61,3.72,9.1,9784
Sergio Romo,Giants,32,26,84,515,0,439.2,10.19,1.82,0.8,0.267,0.787,0.388,0.084,2.58,2.71,2.98,9.1,9817
Kris Medlen,- - -,41,25,1,173,75,595.1,7.44,2.4,0.76,0.294,0.743,0.466,0.090,3.25,3.4,3.58,9.1,9417
Dave Burba,- - -,36,23,2,167,82,607.2,7.08,3.66,0.93,0.313,0.672,0.409,0.082,4.98,4.15,4.77,9,1239
Travis Wood,- - -,43,52,4,259,133,900,7.36,3.25,1.01,0.276,0.715,0.336,0.087,4,4.11,4.4,9,9884
Luke Gregerson,- - -,33,33,65,558,0,538,8.98,2.51,0.65,0.264,0.741,0.510,0.088,2.84,2.98,3.15,9,4090
Nate Robertson,- - -,57,77,1,223,187,1152.1,6.05,3.28,1.25,0.304,0.687,0.465,0.124,5.01,4.75,4.44,9,1620
Keith Foulke,- - -,31,27,178,471,0,542.2,8.03,2.16,1.01,0.255,0.800,0.312,0.092,3.04,3.64,4.23,9,231
Ivan Nova,- - -,58,41,1,142,129,793.2,6.75,2.73,1.09,0.306,0.735,0.508,0.131,4.3,4.26,4,8.9,1994
Jason Marquis,- - -,124,118,1,377,318,1968.1,5.37,3.52,1.16,0.288,0.706,0.506,0.129,4.61,4.87,4.57,8.9,105
Joe Saunders,- - -,89,86,0,235,229,1387.1,5.14,2.85,1.16,0.299,0.717,0.460,0.112,4.37,4.65,4.48,8.9,4366
Pedro Astacio,- - -,46,51,0,142,136,820,6.97,3.13,1.39,0.306,0.697,0.395,0.122,5.26,4.74,4.71,8.8,862
Mark Melancon,- - -,21,18,168,444,0,447,8.19,2.03,0.5,0.273,0.746,0.561,0.088,2.6,2.79,2.96,8.8,4264
Danny Salazar,Indians,33,27,0,85,85,484.1,10.05,3.08,1.1,0.304,0.752,0.417,0.120,3.72,3.58,3.47,8.7,5867
Drew Smyly,- - -,31,27,2,156,85,570.1,8.71,2.54,1.22,0.287,0.751,0.363,0.108,3.74,3.82,3.89,8.7,11760
Brian Moehler,- - -,49,65,1,234,154,964,4.96,2.52,1.16,0.318,0.693,0.446,0.115,4.99,4.58,4.52,8.7,480
Shawn Estes,- - -,61,57,0,180,178,1037.2,5.72,4.53,0.92,0.306,0.692,0.509,0.133,4.96,4.72,4.7,8.6,873
Takashi Saito,- - -,21,15,84,338,0,338,10.65,2.88,0.67,0.276,0.810,0.405,0.069,2.34,2.81,3.26,8.6,6021
Mike Fiers,- - -,34,37,0,112,95,572.2,8.52,2.64,1.21,0.294,0.745,0.374,0.121,3.87,3.94,3.85,8.5,7754
Tom Gordon,- - -,34,30,87,446,0,463,9.66,3.3,0.84,0.276,0.755,0.458,0.097,3.27,3.29,3.52,8.5,282
Daniel Hudson,- - -,35,23,9,199,59,512,7.65,2.55,0.88,0.297,0.697,0.399,0.084,3.94,3.59,3.88,8.5,7146
Ricky Romero,Blue Jays,51,45,0,129,127,801.1,6.99,3.98,0.92,0.293,0.726,0.543,0.125,4.16,4.34,4.08,8.4,3403
Julian Tavarez,- - -,59,63,22,515,96,971.2,5.43,3.81,0.66,0.308,0.676,0.547,0.080,4.48,4.31,4.52,8.4,541
Carlos Martinez,Cardinals,34,21,2,140,68,492.2,8.51,3.25,0.6,0.31,0.767,0.545,0.092,3.32,3.36,3.57,8.3,11682
Zach Britton,Orioles,27,21,120,252,46,463.2,7.43,3.22,0.58,0.287,0.720,0.642,0.113,3.24,3.39,3.31,8.3,3240
Terry Adams,- - -,32,36,5,298,41,538.2,6.75,3.54,0.63,0.312,0.688,0.577,0.111,4.26,3.71,3.93,8.3,946
Jose Valverde,- - -,27,33,288,626,0,630.1,9.88,3.77,0.96,0.265,0.765,0.391,0.097,3.27,3.66,3.76,8.2,1726
Alex Cobb,Rays,36,25,0,86,86,520.2,7.64,2.77,0.74,0.289,0.745,0.563,0.117,3.44,3.52,3.4,8.2,6562
Trevor Cahill,- - -,69,76,1,262,174,1149.1,6.42,3.62,0.89,0.284,0.722,0.550,0.123,4.05,4.27,4.05,8.2,6249
Daisuke Matsuzaka,- - -,56,43,1,158,132,790.1,8.2,4.41,0.97,0.288,0.722,0.365,0.085,4.45,4.35,4.57,8.1,7775
Bruce Chen,- - -,78,79,1,380,216,1460.2,6.64,3.14,1.5,0.287,0.729,0.338,0.115,4.6,4.89,4.71,8.1,769
Kevin Appier,- - -,48,43,0,121,121,706,6.25,3.52,1.13,0.282,0.731,0.348,0.098,4.27,4.64,5.06,8.1,3
Scott Downs,- - -,38,40,27,619,50,751.1,6.89,3.34,0.8,0.292,0.746,0.583,0.116,3.56,3.95,3.68,8.1,773
Alex Wood,- - -,27,30,0,112,77,499.1,8.15,2.72,0.7,0.311,0.749,0.487,0.093,3.35,3.32,3.47,8,13781
Luke Hochevar,Royals,46,65,3,279,128,929.1,6.8,2.9,1.12,0.296,0.656,0.461,0.115,4.98,4.31,4.16,8,6943
Rick Helling,- - -,49,47,0,169,132,847.1,6.29,3.06,1.46,0.284,0.723,0.334,0.120,4.65,4.89,4.65,8,58
Roberto Hernandez,- - -,71,99,1,270,219,1358.1,5.52,3.35,0.97,0.292,0.688,0.563,0.125,4.6,4.59,4.31,7.9,3273
Daniel Cabrera,- - -,48,65,1,162,155,892.1,6.8,5.24,0.93,0.293,0.685,0.472,0.098,5.1,4.89,4.97,7.9,1931
Dallas Braden,Athletics,26,36,0,94,79,491.1,5.59,2.58,0.82,0.295,0.691,0.385,0.067,4.16,3.99,4.53,7.9,8099
Bobby Jenks,- - -,16,20,173,348,0,357.1,8.84,3.1,0.65,0.301,0.731,0.536,0.094,3.53,3.21,3.27,7.8,8645
Charlie Morton,- - -,46,71,0,162,161,893,6.35,3.4,0.72,0.312,0.677,0.554,0.107,4.54,4.1,4.05,7.7,4676
Kevin Slowey,- - -,43,36,0,137,106,662,6.73,1.51,1.35,0.317,0.716,0.318,0.098,4.62,4.16,4.18,7.7,9918
Damaso Marte,- - -,23,26,36,565,0,495,9.64,4.05,0.82,0.276,0.762,0.361,0.082,3.38,3.62,3.93,7.7,247
Tanner Roark,Nationals,42,28,1,119,81,573.1,6.59,2.34,0.8,0.272,0.786,0.460,0.092,3.01,3.73,3.96,7.6,8753
Noah Lowry,Giants,40,31,0,106,100,618.1,6.11,3.62,0.93,0.283,0.734,0.406,0.083,4.03,4.4,4.75,7.6,1833
Paul Wilson,- - -,35,46,0,144,127,792.2,5.79,3.01,1.26,0.299,0.706,0.419,0.127,4.77,4.75,4.67,7.5,1234
Matt Harrison,Rangers,50,35,2,135,103,668.1,5.49,3.15,0.97,0.295,0.721,0.466,0.103,4.21,4.35,4.35,7.5,5551
Matt Moore,- - -,45,33,0,108,106,608.1,8.33,3.85,1.01,0.288,0.748,0.386,0.094,3.91,4.09,4.42,7.5,1890
Brian Fuentes,- - -,26,43,204,650,0,613.1,9.38,3.79,0.94,0.28,0.759,0.341,0.087,3.62,3.87,4.07,7.5,429
Shelby Miller,- - -,35,47,0,122,116,676.1,7.36,3.31,0.92,0.285,0.747,0.423,0.091,3.66,3.98,4.23,7.5,10197
Michael Wacha,Cardinals,33,21,0,91,82,491,7.81,2.84,0.82,0.294,0.724,0.450,0.095,3.74,3.6,3.82,7.4,14078
Hyun-Jin Ryu,Dodgers,28,16,0,57,57,348.2,7.67,2.07,0.62,0.308,0.747,0.491,0.076,3.28,3,3.29,7.4,14444
Glen Perkins,Twins,35,25,120,401,44,618.2,7.3,2.23,1.08,0.304,0.745,0.407,0.101,3.83,3.87,3.91,7.4,8041
Jason Isringhausen,- - -,33,33,291,644,0,648.2,8.12,3.84,0.75,0.258,0.756,0.457,0.087,3.18,3.73,4.04,7.3,1158
Tom Gorzelanny,- - -,50,53,2,314,121,883.2,7.27,3.94,1,0.3,0.723,0.415,0.092,4.4,4.37,4.5,7.3,6244
Andrew Cashner,- - -,31,53,0,202,109,726.1,7.53,3.16,0.88,0.297,0.704,0.492,0.109,3.89,3.85,3.86,7.3,8782
Jake Odorizzi,- - -,30,30,1,101,98,562,8.26,2.74,1.14,0.279,0.763,0.345,0.099,3.75,3.93,4.15,7.2,6397
Mike Adams,- - -,21,20,4,408,0,407.1,9.04,2.78,0.73,0.262,0.811,0.449,0.080,2.41,3.09,3.38,7.2,1937
Danny Duffy,Royals,36,33,1,134,106,623,7.8,3.34,1.03,0.288,0.767,0.368,0.095,3.71,4.1,4.33,7.2,3542
Jeff D'Amico,- - -,30,39,0,98,91,561.1,5.61,2.36,1.19,0.291,0.684,0.373,0.102,4.47,4.39,4.53,7.1,871
Kevin Correia,- - -,76,98,0,358,221,1428.2,5.71,2.99,1.13,0.3,0.706,0.441,0.108,4.62,4.53,4.44,7.1,1767
Marcus Stroman,Blue Jays,24,16,1,62,56,361.2,7.34,2.19,0.75,0.303,0.699,0.582,0.120,3.91,3.38,3.32,7.1,13431
Jaret Wright,- - -,40,37,2,152,97,556,6.47,4.34,0.81,0.321,0.669,0.417,0.078,5.1,4.37,4.73,7.1,415
Darren O'Day,- - -,34,14,17,493,0,474.2,8.89,2.35,0.89,0.254,0.846,0.396,0.093,2.41,3.44,3.61,7.1,3321
Brett Cecil,Blue Jays,41,42,11,330,74,656,8.03,3.13,1.15,0.301,0.737,0.437,0.119,4.2,4.11,3.85,7.1,2660
Steve Sparks,- - -,32,43,3,167,96,752.2,4.52,2.89,0.99,0.296,0.660,0.449,0.106,4.74,4.55,4.94,7,499
Ian Snell,- - -,38,53,0,152,136,803.2,7.16,4.17,1.12,0.315,0.716,0.407,0.106,4.8,4.62,4.55,7,2227
Kevin Gausman,Orioles,23,31,0,95,72,453,8.23,2.52,1.19,0.304,0.751,0.433,0.127,3.97,3.92,3.74,7,14107
Mike Stanton,- - -,33,34,19,567,0,516.2,7.04,3.36,0.63,0.308,0.728,0.403,0.060,3.83,3.64,4.63,7,849
Tyler Clippard,- - -,46,35,56,558,8,625,9.85,3.69,1.08,0.238,0.809,0.283,0.087,2.95,3.77,4.1,6.9,5640
Kyle Farnsworth,- - -,38,57,57,866,5,858.2,9.36,3.77,1.09,0.302,0.728,0.412,0.111,4.14,3.92,3.75,6.9,278
Mike Minor,Braves,38,36,0,111,110,652.2,7.8,2.58,1.13,0.296,0.730,0.367,0.105,4.1,3.9,3.88,6.9,10021
Joba Chamberlain,- - -,25,21,7,385,43,555.1,8.85,3.66,0.92,0.313,0.745,0.468,0.110,3.81,3.83,3.73,6.8,2692
Bob Howry,- - -,40,46,29,656,0,665.2,7.06,2.65,1.05,0.281,0.728,0.345,0.084,3.92,4.04,4.32,6.8,237
Todd Ritchie,- - -,26,42,0,99,94,564.1,5.49,2.73,1.2,0.303,0.652,0.405,0.119,5.06,4.58,5.03,6.8,253
Todd Jones,- - -,30,39,191,590,1,605.1,6.68,3.15,0.83,0.318,0.708,0.457,0.088,4.3,3.95,4.16,6.8,436
Chad Bradford,- - -,34,27,10,529,0,481.1,5.65,2.34,0.5,0.3,0.749,0.637,0.078,3.14,3.52,3.75,6.8,904
Tony Armas Jr.,- - -,53,64,0,184,166,919.2,6.64,4.2,1.19,0.277,0.711,0.393,0.122,4.67,4.89,4.91,6.7,761
Fernando Rodney,- - -,39,59,261,767,0,765.2,8.92,4.44,0.68,0.29,0.738,0.505,0.093,3.69,3.77,3.9,6.7,494
Braden Looper,- - -,69,61,103,594,97,1089.2,5.08,2.82,1.02,0.286,0.723,0.484,0.113,4.17,4.5,4.35,6.7,526
Ryan Drese,- - -,34,39,0,105,96,565.2,4.79,3.39,0.78,0.323,0.653,0.505,0.095,5.31,4.38,4.58,6.7,379
Jonathan Sanchez,- - -,39,58,0,194,137,786.1,9.11,5,1.04,0.294,0.709,0.407,0.103,4.7,4.42,4.38,6.7,7507
Brian Wilson,- - -,24,25,172,394,0,382,9.59,4.12,0.52,0.311,0.764,0.481,0.064,3.3,3.2,3.61,6.6,6485
Patrick Corbin,Diamondbacks,31,34,2,106,89,556,7.66,2.62,1.07,0.308,0.717,0.486,0.133,4.14,3.92,3.71,6.6,9323
Jason Grilli,- - -,32,42,78,549,16,644.2,9.02,3.83,0.89,0.302,0.731,0.384,0.084,4.09,3.83,4.06,6.6,521
Paul Quantrill,- - -,29,21,6,459,0,485,5.1,2.06,0.54,0.317,0.722,0.472,0.051,3.69,3.5,4.16,6.6,669
Josh Fogg,- - -,62,69,0,243,194,1159,4.87,3.08,1.28,0.294,0.690,0.428,0.117,5.03,5.02,4.88,6.5,989
Jeff Niemann,Rays,40,26,0,97,92,544.1,6.76,2.93,1.07,0.281,0.727,0.439,0.104,4.08,4.23,4.14,6.5,8591
Grant Balfour,- - -,30,23,84,534,1,539.2,9.52,4.2,0.78,0.263,0.751,0.360,0.077,3.49,3.55,3.86,6.5,718
Matt Shoemaker,Angels,32,27,0,80,72,436.1,8,1.88,1.16,0.295,0.753,0.400,0.112,3.75,3.76,3.77,6.5,4776
Vance Worley,- - -,33,30,1,139,85,595.1,6.76,2.87,0.88,0.314,0.744,0.457,0.096,3.75,3.92,4.07,6.5,6435
Jamey Wright,- - -,72,97,2,627,157,1495,5.72,4.32,0.84,0.296,0.702,0.559,0.113,4.53,4.7,4.49,6.4,715
John Patterson,- - -,18,25,1,88,78,454.1,8.22,3.55,1.19,0.292,0.741,0.310,0.101,4.32,4.25,4.35,6.4,71
Miguel Gonzalez,- - -,44,41,0,125,118,715.1,6.44,2.83,1.22,0.276,0.769,0.385,0.111,3.8,4.51,4.49,6.4,7024
Yordano Ventura,Royals,38,31,0,94,93,547.2,7.72,3.47,0.89,0.295,0.749,0.499,0.110,3.89,3.98,4,6.3,11855
Mike Maroth,- - -,50,67,0,161,150,918,4.34,2.57,1.3,0.303,0.682,0.451,0.123,5.05,4.94,4.69,6.3,1508
Jim Johnson,- - -,27,40,154,551,1,584.2,6.54,2.92,0.57,0.304,0.733,0.580,0.087,3.62,3.61,3.78,6.2,3656
Tommy Milone,- - -,44,33,1,129,118,688.1,6.45,2.28,1.29,0.294,0.713,0.388,0.116,4.14,4.36,4.24,6.2,7608
Bob Wickman,- - -,13,24,193,383,0,370.2,7.36,2.94,0.66,0.299,0.762,0.473,0.097,3.08,3.47,3.92,6.2,413
Jason Frasor,- - -,35,35,36,679,0,646.2,8.56,3.94,0.78,0.289,0.763,0.435,0.087,3.49,3.74,3.94,6.2,1906
Ryan Vogelsong,- - -,61,75,0,289,179,1190,6.81,3.56,0.98,0.296,0.705,0.412,0.094,4.48,4.33,4.49,6.2,1011
Jeremy Affeldt,- - -,43,46,28,774,42,926,7,3.85,0.74,0.296,0.718,0.523,0.098,3.97,4.01,4.1,6.1,583
Jon Rauch,- - -,43,40,62,556,11,595,7.18,2.71,1.06,0.277,0.724,0.344,0.083,3.9,4,4.36,6.1,1475
Justin Duchscherer,- - -,33,25,14,224,32,454.2,6.87,2.4,0.93,0.265,0.776,0.419,0.086,3.13,3.86,3.99,6.1,910
Brian Anderson,- - -,42,52,0,170,141,897,4.15,2.02,1.54,0.288,0.684,0.386,0.123,4.68,5.05,4.73,6.1,44
Josh Towers,- - -,45,55,1,139,112,731.1,4.79,1.51,1.5,0.307,0.691,0.426,0.133,4.95,4.83,4.42,6.1,1489
Josh Collmenter,- - -,38,33,2,203,78,678.1,6.32,2.15,1.07,0.272,0.763,0.361,0.093,3.5,4.02,4.21,6.1,7312
Steve Cishek,- - -,21,26,120,373,0,377,9.74,3.34,0.53,0.291,0.759,0.491,0.070,2.82,2.94,3.36,6.1,6483
Cody Allen,Indians,17,16,92,317,0,306.1,11.52,3.5,0.76,0.294,0.791,0.362,0.085,2.61,2.86,3.18,6.1,12183
Zach McAllister,Indians,26,31,1,186,68,484.2,8.11,3.12,0.98,0.318,0.696,0.398,0.091,4.09,3.83,4.11,6,2895
Michael Gonzalez,- - -,17,24,56,509,0,444.1,10.35,4.15,0.85,0.292,0.778,0.391,0.096,3.14,3.5,3.6,6,1794
Frank Castillo,- - -,26,30,1,90,74,443.1,6.27,3.15,1.04,0.278,0.689,0.419,0.094,4.38,4.31,4.52,6,180
Addison Reed,- - -,16,18,106,333,0,326.2,9.62,2.45,0.85,0.3,0.740,0.352,0.081,3.53,3.07,3.52,6,10586
Ramon Ortiz,- - -,85,83,0,294,209,1400,5.47,3.05,1.47,0.286,0.709,0.406,0.130,4.89,5.13,4.8,6,27
Kyle Gibson,Twins,32,38,0,98,98,572.1,6.05,3.1,0.9,0.304,0.696,0.522,0.114,4.59,4.21,4.18,5.9,10123
Jake McGee,- - -,23,14,41,354,0,305.1,10.52,2.59,0.88,0.287,0.785,0.401,0.094,3.07,2.98,3.17,5.9,7550
Carlos Villanueva,- - -,51,55,11,476,76,998.2,7.77,2.91,1.25,0.288,0.738,0.397,0.118,4.31,4.27,4.05,5.9,4138
Juan Rincon,- - -,35,29,3,444,3,507,8.33,3.87,0.73,0.304,0.699,0.454,0.083,4.03,3.69,3.94,5.9,752
Drew Pomeranz,- - -,25,36,3,138,79,462.1,8.7,3.74,1.07,0.276,0.740,0.451,0.121,3.8,4.05,3.97,5.9,11426
Martin Perez,Rangers,28,30,0,87,81,491,5.41,3.13,0.77,0.301,0.686,0.526,0.097,4.29,4.14,4.35,5.9,6902
Brad Ziegler,- - -,34,28,85,604,0,596.2,6.08,3.12,0.35,0.282,0.783,0.663,0.080,2.44,3.38,3.53,5.9,7293
Denny Neagle,- - -,34,32,0,106,98,579.1,6.48,3.36,1.52,0.29,0.708,0.384,0.147,5.19,5.05,4.76,5.9,441
Casey Janssen,- - -,31,29,90,437,22,533,6.67,2.18,0.88,0.287,0.736,0.458,0.094,3.63,3.77,3.89,5.8,7355
Kelvin Herrera,Royals,19,23,17,351,0,356.1,9.09,2.68,0.63,0.282,0.795,0.485,0.089,2.63,3.01,3.24,5.8,6033
Brandon Lyon,- - -,42,47,79,572,21,681.1,6.14,2.91,0.91,0.299,0.719,0.417,0.086,4.16,4.08,4.36,5.8,1312
Juan Nicasio,- - -,32,32,1,193,82,557.1,8.03,3.42,1.08,0.321,0.694,0.443,0.118,4.8,4.1,3.97,5.7,7731
Shane Reynolds,- - -,35,35,0,94,93,557,5.43,2.71,1.24,0.305,0.683,0.460,0.128,4.94,4.65,4.55,5.7,574
Carlos Marmol,- - -,23,35,117,519,13,577,11.6,6.16,0.76,0.262,0.773,0.352,0.080,3.57,3.95,4.26,5.7,2790
Chad Qualls,- - -,51,47,74,825,0,790.2,6.98,2.34,0.91,0.302,0.721,0.577,0.133,3.86,3.77,3.48,5.7,2170
John Maine,- - -,41,36,0,112,105,593,7.57,4.1,1.23,0.267,0.716,0.377,0.109,4.45,4.7,4.56,5.7,4773
Jesse Crain,- - -,45,30,4,532,0,532,7.44,3.48,0.74,0.268,0.766,0.431,0.074,3.05,3.77,4.18,5.6,4817
Scott Williamson,- - -,16,21,36,282,10,346,10.48,5.23,0.7,0.287,0.747,0.408,0.089,3.62,3.61,3.81,5.6,361
Trevor Bauer,- - -,30,32,0,100,92,552.1,8.29,3.88,1.04,0.291,0.714,0.415,0.109,4.42,4.24,4.28,5.6,12703
Jason Bere,- - -,24,31,0,81,81,449.2,7.67,3.92,1.24,0.296,0.676,0.397,0.110,5,4.52,4.39,5.6,266
Brendan Donnelly,- - -,32,10,6,387,0,385.1,8.62,3.6,0.82,0.276,0.769,0.362,0.075,3.22,3.68,4.16,5.5,1441
Brian Bannister,- - -,37,50,0,117,114,667.1,5.18,3.02,1.16,0.29,0.663,0.423,0.100,5.08,4.77,4.76,5.4,5718
David Phelps,- - -,26,28,5,174,64,498,8.28,3.43,0.94,0.295,0.737,0.426,0.103,3.94,3.92,4,5.4,6316
Joe Mays,- - -,42,59,0,157,136,826,4.33,2.85,1.24,0.296,0.673,0.459,0.132,5.19,4.9,4.91,5.4,740
Henderson Alvarez,- - -,27,34,0,92,92,563,4.73,2.06,0.86,0.292,0.724,0.550,0.119,3.8,4.09,3.93,5.4,5669
Robert Person,- - -,28,19,1,84,77,481,7.82,4.38,1.12,0.267,0.726,0.305,0.081,4.3,4.53,5.76,5.3,966
John Lannan,- - -,46,58,0,153,148,862,4.7,3.39,0.9,0.289,0.716,0.529,0.109,4.18,4.59,4.48,5.3,7080
Manny Parra,- - -,29,41,1,322,74,628,8.48,4.31,1,0.334,0.690,0.482,0.120,4.9,4.17,3.95,5.3,4279
Frank Francisco,- - -,20,22,73,391,0,386.1,9.92,4.01,0.96,0.297,0.735,0.343,0.090,4.01,3.68,3.86,5.3,1933
Clayton Richard,- - -,53,53,1,206,141,883.1,5.53,3.07,0.99,0.299,0.708,0.517,0.116,4.23,4.37,4.22,5.3,3551
Randy Wells,- - -,28,32,0,98,86,529,5.87,3.11,0.97,0.293,0.734,0.458,0.098,4.08,4.3,4.29,5.2,4535
Ugueth Urbina,- - -,15,25,135,345,0,350.2,10.6,3.88,1.15,0.259,0.775,0.257,0.094,3.49,3.67,4.13,5.2,216
Jae Seo,- - -,28,40,0,118,102,606.1,5.05,2.73,1.28,0.301,0.714,0.371,0.104,4.6,4.8,4.88,5.2,895
Wily Peralta,Brewers,42,48,0,113,112,647.1,6.38,3.13,1.04,0.307,0.722,0.519,0.134,4.18,4.34,4.05,5.2,7738
Kevin Tapani,Cubs,17,26,0,59,59,364,7.39,2.15,1.46,0.305,0.702,,,4.77,4.4,,5.2,1012824
Kyle Kendrick,- - -,81,81,0,253,212,1281,4.93,2.59,1.24,0.29,0.709,0.453,0.120,4.63,4.81,4.54,5.2,6230
Robbie Ray,- - -,14,31,0,64,61,330.2,9.69,3.57,1.03,0.339,0.697,0.436,0.118,4.65,3.8,3.79,5.2,11486
Kiko Calero,- - -,14,12,7,313,1,302.2,9.63,3.75,0.71,0.277,0.772,0.341,0.067,3.24,3.29,3.88,5.1,1676
Brian Duensing,- - -,42,37,2,368,61,662.2,5.95,2.87,0.9,0.303,0.717,0.463,0.090,4.13,4.08,4.24,5.1,4064
Chris Reitsma,- - -,32,46,37,338,53,609,5.31,2.42,1.12,0.304,0.678,0.504,0.124,4.7,4.37,4.08,5.1,348
Anthony DeSclafani,- - -,20,20,0,64,56,341,7.44,2.38,0.98,0.311,0.714,0.430,0.104,3.99,3.78,3.96,5.1,13050
Scott Schoeneweis,- - -,46,56,9,546,93,932.2,5.27,3.71,1.04,0.292,0.683,0.495,0.120,4.99,4.8,4.55,5.1,33
Dustin Hermanson,- - -,38,44,56,225,88,676,5.45,3.24,1.24,0.286,0.708,0.408,0.096,4.42,4.81,4.47,5,195
Tim Redding,- - -,37,57,0,179,144,822.1,6.04,3.69,1.25,0.297,0.687,0.402,0.105,4.95,4.88,4.85,5,573
Casey Fossum,- - -,40,53,2,237,120,786,6.95,3.65,1.31,0.312,0.657,0.411,0.127,5.45,4.87,4.56,5,188
Jarrod Parker,- - -,25,16,0,62,62,384,6.45,2.98,0.84,0.273,0.741,0.425,0.088,3.68,3.93,4.21,5,4913
Alexi Ogando,- - -,33,18,4,283,48,503.1,7.28,3.27,0.95,0.269,0.763,0.388,0.090,3.47,4.03,4.25,5,10261
Jimmy Haynes,- - -,37,55,0,121,118,678,5.08,4.29,1.05,0.307,0.695,0.452,0.119,5.08,4.94,4.77,5,329
Eric Stults,- - -,36,48,0,135,112,683.1,5.7,2.53,1.09,0.291,0.713,0.402,0.097,4.24,4.32,4.43,4.9,8011
Omar Daal,- - -,32,46,0,122,100,607.2,5.35,3.14,1.23,0.3,0.682,0.406,0.114,5.07,4.78,4.31,4.9,646
Mike Remlinger,- - -,24,23,17,418,0,383.1,9.53,3.97,0.96,0.285,0.772,0.400,0.109,3.45,3.75,3.9,4.9,111
Tommy Hunter,- - -,48,35,16,317,75,710.2,5.65,2.01,1.33,0.285,0.730,0.425,0.122,4.26,4.51,4.21,4.9,1157
Jim Mecir,- - -,21,27,12,336,0,343.2,7.65,3.74,0.63,0.291,0.726,0.486,0.090,3.69,3.65,4.09,4.9,930
Alan Embree,- - -,25,35,23,642,0,542,8,2.97,1.1,0.3,0.665,0.412,0.098,4.73,3.96,3.91,4.9,1030
Josh Tomlin,Indians,49,39,0,125,109,687.1,5.98,1.4,1.56,0.276,0.684,0.390,0.135,4.58,4.55,4.09,4.8,9388
Craig Stammen,Nationals,26,24,1,229,38,490.2,6.79,2.73,0.79,0.3,0.702,0.500,0.097,3.91,3.7,3.74,4.8,7274
Drew Storen,- - -,25,16,98,412,0,385.2,8.61,2.54,0.72,0.287,0.747,0.455,0.082,3.31,3.24,3.54,4.8,6983
Juan Cruz,- - -,38,36,6,447,38,655,9.05,4.75,0.92,0.293,0.728,0.380,0.096,4.05,4.19,4.34,4.7,273
Brian Matusz,- - -,27,41,0,280,69,528.2,7.87,3.47,1.34,0.31,0.707,0.358,0.110,4.92,4.53,4.38,4.7,2646
Chad Gaudin,- - -,45,44,2,344,87,836.1,7.24,4.11,0.99,0.305,0.713,0.424,0.097,4.44,4.45,4.54,4.7,1783
Andy Ashby,- - -,26,36,0,86,75,467.2,5.06,2.77,1.14,0.288,0.700,0.459,0.107,4.52,4.6,4.34,4.7,637
Buddy Groom,- - -,16,14,19,377,0,326.1,6.4,2.32,0.85,0.305,0.719,0.468,0.102,4.03,3.72,4.13,4.7,143
Kirk Rueter,Giants,60,53,0,179,176,1027.2,3.08,3,1.02,0.284,0.716,0.467,0.095,4.34,4.86,5,4.7,1128
Neftali Feliz,- - -,19,14,99,308,7,343.1,8.55,3.43,0.94,0.241,0.779,0.361,0.088,3.22,3.82,4.09,4.6,18
Darren Dreifort,Dodgers,21,24,1,118,58,398.1,8.7,4.41,1.2,0.285,0.709,0.560,0.159,4.41,4.49,3.24,4.6,647
Aaron Sanchez,Blue Jays,24,10,3,95,41,317.1,7.06,3.29,0.71,0.251,0.782,0.573,0.117,2.86,3.78,3.82,4.6,11490
Scott Olsen,- - -,37,49,0,130,127,723,6.57,3.62,1.34,0.299,0.683,0.402,0.121,4.85,4.89,4.57,4.6,4529
Guillermo Mota,- - -,37,41,10,692,0,801.1,7.51,3.44,0.95,0.273,0.724,0.413,0.090,4.01,4.01,4.12,4.6,1467
Carlos Rodon,White Sox,18,16,0,54,51,304.1,9.08,3.7,1.01,0.323,0.755,0.453,0.122,3.9,3.95,3.95,4.6,16137
Kyle Davies,- - -,43,65,0,152,144,770.1,6.39,4.29,1.16,0.318,0.669,0.393,0.098,5.57,4.88,4.9,4.6,3642
Ismael Valdez,- - -,43,51,0,149,138,802.1,4.68,2.66,1.46,0.292,0.716,0.385,0.121,4.99,5.11,4.97,4.6,1283
Jeff Fassero,- - -,29,41,15,354,48,568.1,6.56,3.44,1.08,0.318,0.696,0.486,0.131,4.89,4.36,4.34,4.6,279
Matt Lindstrom,- - -,17,21,51,469,0,420.2,7,3.29,0.49,0.326,0.727,0.491,0.056,3.68,3.47,4.02,4.5,4604
Pedro Strop,- - -,15,20,9,376,0,339.2,9.99,4.16,0.53,0.263,0.741,0.544,0.098,3.23,3.25,3.33,4.5,4070
Dustin McGowan,- - -,27,32,2,227,69,572.2,7.48,3.96,1.02,0.285,0.692,0.465,0.107,4.46,4.41,4.35,4.5,8600
Andy Sonnanstine,Devil Rays,28,31,1,132,80,540.1,5.71,2.27,1.32,0.306,0.655,0.422,0.110,5.26,4.63,4.45,4.5,7667
Dan Wheeler,- - -,25,39,43,584,3,610,7.72,2.67,1.21,0.27,0.742,0.359,0.104,3.88,4.08,4.04,4.5,120
Armando Benitez,- - -,25,28,230,478,0,487.1,9.88,4.3,1.18,0.246,0.805,0.335,0.097,3.12,4.05,4.27,4.4,865
Scott Linebrink,- - -,42,31,8,607,6,656.2,7.77,3.14,1.12,0.293,0.786,0.365,0.103,3.51,4.15,4.08,4.4,564
Ryan Franklin,- - -,62,76,84,526,106,1189.2,5.01,2.61,1.29,0.274,0.751,0.395,0.105,4.13,4.82,4.84,4.4,1076
J.P. Howell,- - -,35,29,22,531,33,608.2,8.28,3.89,0.84,0.29,0.740,0.532,0.119,3.79,3.94,3.8,4.4,8245
Dillon Gee,- - -,48,46,0,147,124,804.1,6.47,2.83,1.15,0.289,0.744,0.452,0.116,4.13,4.4,4.27,4.4,7396
Wilson Alvarez,- - -,16,15,3,105,39,314.2,7.32,2.77,1.06,0.286,0.741,0.352,0.088,3.95,3.98,4.34,4.4,1193
Matt Herges,- - -,43,33,34,550,4,666.2,6.14,3.36,0.82,0.306,0.739,0.442,0.087,3.9,4.17,4.52,4.4,780
Jerome Williams,- - -,52,66,2,236,149,1029.2,5.73,3.08,1.14,0.292,0.703,0.475,0.123,4.59,4.64,4.43,4.4,1137
Eddie Guardado,- - -,28,27,178,540,0,508.1,7.83,2.83,1.31,0.257,0.784,0.306,0.101,3.52,4.21,4.28,4.4,727
Albie Lopez,- - -,25,38,2,123,61,469.1,5.48,3.45,1.11,0.309,0.689,0.436,0.098,4.87,4.64,4.42,4.4,102
Joe Smith,- - -,41,28,29,639,0,570.2,7.51,3.31,0.65,0.27,0.781,0.562,0.102,2.93,3.65,3.68,4.3,3281
Rolando Arrojo,- - -,19,18,6,102,49,357.1,6.37,3.27,0.98,0.29,0.670,0.467,0.080,4.86,4.45,4.41,4.3,174
Felix Rodriguez,- - -,35,20,6,436,0,419.1,8.2,4.12,0.75,0.278,0.774,0.363,0.078,3.41,3.85,4.92,4.2,1127
Drew Hutchison,- - -,30,21,0,82,74,417.2,8.27,2.82,1.27,0.314,0.693,0.386,0.119,4.93,4.25,4.04,4.2,10732
Antonio Bastardo,- - -,27,19,12,410,5,384,10.83,4.29,0.91,0.269,0.735,0.290,0.080,3.75,3.57,4.02,4.2,8844
John Axford,- - -,34,32,144,471,0,449.2,10.29,4.42,0.82,0.31,0.760,0.501,0.112,3.58,3.53,3.47,4.1,9059
Bobby Parnell,- - -,20,28,37,335,8,336.2,7.94,3.69,0.51,0.322,0.699,0.526,0.066,3.82,3.35,3.76,4.1,9926
Jose Mercedes,- - -,22,24,0,74,51,337,5.23,3.53,0.93,0.304,0.682,0.391,0.000,4.91,4.56,6.05,4.1,396
Ramon Ramirez,- - -,23,21,9,424,0,434.2,7.54,3.93,0.66,0.273,0.738,0.416,0.061,3.42,3.76,4.39,4.1,7986
Jordan Lyles,- - -,27,43,2,144,102,611.1,6.05,3.09,1.02,0.308,0.637,0.496,0.118,5.17,4.42,4.28,4.1,7593
Chris Holt,- - -,15,25,0,64,54,358.1,5.43,3.32,1,0.335,0.670,,,5.53,4.58,,4.1,1005983
Michael Wuertz,- - -,21,11,11,426,0,414.1,9.64,4.3,0.96,0.286,0.741,0.438,0.106,3.71,3.79,3.73,4.1,1856
Junichi Tazawa,Red Sox,17,20,4,302,4,312,8.88,2.05,0.98,0.323,0.765,0.372,0.094,3.58,3.31,3.52,4,4079
John Halama,- - -,44,37,0,218,89,699.2,4.71,2.68,1.2,0.303,0.684,0.481,0.124,4.71,4.75,4.49,4,1080
Nick Blackburn,Twins,43,55,0,145,137,818.2,4.27,2.22,1.29,0.311,0.692,0.477,0.121,4.85,4.81,4.5,4,4270
Chad Bettis,Rockies,23,19,0,89,60,370.1,6.78,3.18,1.05,0.319,0.678,0.496,0.128,5.01,4.3,4.18,4,10587
Tyler Chatwood,- - -,32,31,1,97,88,500,5.72,4.01,0.85,0.305,0.728,0.538,0.115,4.19,4.47,4.41,4,4338
Aaron Heilman,- - -,35,46,16,477,25,630,7.83,3.66,1.03,0.291,0.710,0.431,0.110,4.4,4.22,4.12,3.9,1751
Felipe Paulino,- - -,13,34,0,97,65,403.2,8.32,3.83,1.14,0.339,0.675,0.438,0.112,5.22,4.27,4.07,3.9,3777
George Sherrill,- - -,19,17,56,442,0,324.1,8.88,4.27,0.8,0.283,0.752,0.363,0.072,3.77,3.8,4.26,3.9,6291
Luis Ayala,- - -,38,47,19,534,0,554.1,5.96,2.26,0.88,0.302,0.768,0.485,0.099,3.34,3.96,4.03,3.9,1650
Matt Capps,- - -,29,33,138,444,0,439.2,6.53,1.72,1.08,0.286,0.755,0.395,0.095,3.52,3.92,4.02,3.9,4788
Darrell May,- - -,24,41,0,120,93,593.2,5.53,2.74,1.68,0.287,0.702,0.344,0.124,5.03,5.16,4.88,3.9,613
Mike Timlin,- - -,43,37,42,595,1,643,5.91,2.32,1.02,0.282,0.750,0.466,0.111,3.72,4.14,4.03,3.9,1187
Scott Eyre,- - -,20,17,4,552,4,456.2,8.1,4.38,0.83,0.304,0.769,0.410,0.082,3.67,4,4.3,3.8,1300
Jimmy Nelson,Brewers,21,38,0,80,75,436,7.29,3.61,1.01,0.297,0.703,0.495,0.122,4.38,4.44,4.38,3.8,10547
Clay Hensley,- - -,28,34,10,271,49,517,6.46,4.16,0.68,0.277,0.706,0.517,0.078,4,4.14,4.46,3.8,4593
Bryan Rekar,- - -,10,25,0,57,54,321,5.16,2.52,1.23,0.309,0.649,0.500,0.091,5.3,4.66,7.14,3.8,625
Tim Worrell,- - -,28,27,67,439,0,445.1,7.17,3.23,0.99,0.285,0.756,0.421,0.099,3.38,4.02,4.15,3.8,1139
Phil Coke,- - -,22,27,8,407,15,421,6.9,3.4,0.71,0.318,0.694,0.442,0.073,4.19,3.79,4.16,3.8,5535
Shawn Kelley,- - -,22,21,11,356,0,342.1,10.59,2.84,1.18,0.292,0.762,0.335,0.106,3.5,3.45,3.47,3.8,7773
Felix Doubront,- - -,31,26,4,118,85,513.2,7.74,3.84,1.1,0.312,0.682,0.440,0.115,4.89,4.32,4.19,3.8,1478
Danys Baez,- - -,40,57,114,533,26,697,6.52,3.72,0.92,0.277,0.701,0.469,0.096,4.25,4.38,4.56,3.8,367
Joel Peralta,- - -,20,35,15,621,0,648,8.5,2.57,1.32,0.269,0.731,0.308,0.107,4.03,4.05,3.99,3.8,2332
Joe Borowski,- - -,17,27,131,366,1,385.1,7.92,3.18,1.1,0.289,0.732,0.373,0.095,4.13,4.01,4.14,3.7,267
Robinson Tejeda,- - -,23,27,0,186,53,442,7.55,5.01,0.96,0.278,0.709,0.340,0.076,4.42,4.64,5.09,3.7,2575
Gabe White,- - -,24,14,6,315,0,320.2,6.82,2.02,1.38,0.276,0.723,0.275,0.089,4.38,4.29,4.7,3.7,360
James McDonald,- - -,32,30,0,131,82,512.1,7.76,4.06,0.98,0.294,0.723,0.384,0.091,4.2,4.23,4.41,3.7,5523
Tom Koehler,Marlins,35,48,0,134,120,711.2,6.85,3.63,0.99,0.29,0.726,0.442,0.104,4.16,4.33,4.42,3.7,6570
Jose Jimenez,- - -,16,30,110,296,7,337,5.18,2.86,0.8,0.305,0.683,0.595,0.120,4.59,4.14,4.06,3.6,435
David Weathers,- - -,42,52,73,713,2,770,6.49,3.8,0.89,0.274,0.781,0.460,0.100,3.37,4.32,4.47,3.6,902
Masato Yoshii,- - -,14,31,0,102,60,411.2,4.92,2.43,1.42,0.299,0.697,0.473,0.117,5.01,4.9,4.01,3.6,807
Pat Neshek,- - -,28,19,7,423,0,383.1,8.87,2.82,1.1,0.236,0.802,0.327,0.094,2.93,3.77,3.96,3.6,4682
Burke Badenhop,- - -,20,27,4,418,10,512.1,6.15,2.69,0.61,0.299,0.709,0.544,0.084,3.74,3.59,3.79,3.6,9736
Tim Stauffer,- - -,33,34,0,201,73,595.2,6.78,3.05,0.97,0.296,0.744,0.482,0.114,3.97,4.1,3.92,3.6,6432
Brandon Duckworth,- - -,23,34,1,134,84,511,6.62,4.02,1.11,0.307,0.672,0.405,0.115,5.28,4.72,4.73,3.6,954
Kevin Jepsen,- - -,18,30,27,448,0,400,8.21,3.56,0.74,0.309,0.721,0.457,0.084,3.92,3.6,3.91,3.6,6475
Jay Witasick,- - -,21,25,5,346,25,522,8.52,4.4,1,0.311,0.724,0.479,0.096,4.21,4.25,4.17,3.6,1138
Kevin Gregg,- - -,30,46,177,594,8,720.1,8.26,4.11,0.97,0.291,0.723,0.397,0.091,4.24,4.16,4.35,3.6,1793
Salomon Torres,- - -,33,33,57,429,21,563.2,6.08,3.21,0.85,0.287,0.749,0.534,0.108,3.61,4.21,4.2,3.5,1628
Pat Rapp,- - -,14,24,0,62,58,344,4.92,4.03,0.99,0.292,0.650,,,5.34,4.84,,3.5,1010700
Ramiro Mendoza,- - -,28,18,10,197,16,356.1,5.33,2.17,1.01,0.295,0.700,0.500,0.122,4.34,4.16,3.98,3.5,836
Joe Kelly,- - -,35,22,0,123,79,501.2,6.78,3.5,0.86,0.303,0.741,0.502,0.113,3.93,4.15,4.1,3.5,9761
Tony Watson,Pirates,26,13,20,403,0,386.1,8.04,2.49,0.79,0.251,0.814,0.436,0.090,2.56,3.45,3.69,3.5,3132
Pat Hentgen,- - -,26,36,1,92,84,519.2,5.11,3.78,1.35,0.271,0.715,0.376,0.134,4.85,5.22,5.21,3.5,145
Hector Santiago,- - -,36,38,4,174,116,714.2,7.96,3.98,1.31,0.267,0.773,0.334,0.103,3.84,4.73,4.9,3.5,4026
Doug Brocail,- - -,29,16,4,337,0,367.2,6.85,3.28,0.73,0.304,0.695,0.460,0.075,4.21,3.87,4.28,3.4,551
Jimmy Anderson,- - -,23,46,1,109,92,545.1,3.76,3.7,0.92,0.307,0.661,0.589,0.183,5.5,4.92,4.79,3.4,977
Kameron Loe,- - -,34,43,4,322,48,569,5.65,2.91,1,0.306,0.674,0.565,0.130,4.49,4.35,4.05,3.4,4422
Taijuan Walker,Mariners,22,22,0,65,62,357,8.12,2.5,1.36,0.279,0.708,0.415,0.139,4.18,4.3,4,3.4,11836
David Hernandez,- - -,28,39,20,379,27,487,9.13,3.83,1.31,0.285,0.769,0.316,0.110,4.1,4.35,4.26,3.4,4259
Randy Choate,- - -,16,14,7,672,0,408,7.68,3.86,0.44,0.284,0.686,0.599,0.076,3.9,3.62,3.74,3.4,813
Brandon Claussen,- - -,16,27,0,58,58,316,6.49,3.45,1.37,0.308,0.697,0.357,0.108,5.04,4.88,4.87,3.4,814
Joey Hamilton,- - -,12,21,1,74,49,308,5.81,3.24,1.08,0.334,0.657,0.522,0.127,5.64,4.49,4.09,3.4,328
Taylor Buchholz,- - -,20,22,1,158,27,311,6.63,2.46,1.19,0.266,0.669,0.419,0.108,4.28,4.3,4.2,3.4,2168
Joel Hanrahan,- - -,22,18,100,362,11,404.2,9.81,4.4,0.89,0.305,0.751,0.407,0.095,3.85,3.75,3.83,3.4,2186
Jeff Locke,Pirates,35,38,0,123,110,644.1,6.36,3.48,0.95,0.297,0.706,0.500,0.119,4.41,4.33,4.23,3.4,2929
Chris Narveson,- - -,30,19,0,118,65,435.1,7.53,3.33,1.2,0.288,0.701,0.396,0.110,4.71,4.31,4.13,3.3,2141
Claudio Vargas,- - -,48,40,1,217,114,764.2,6.4,3.46,1.49,0.285,0.725,0.360,0.122,4.83,5.13,4.85,3.3,1695
Horacio Ramirez,- - -,40,35,0,169,105,688.1,4.16,3.45,1.09,0.292,0.699,0.496,0.126,4.65,4.94,4.7,3.3,110
Troy Percival,- - -,21,21,219,397,1,385,8.65,3.93,1.19,0.231,0.781,0.281,0.094,3.37,4.29,4.82,3.3,29
Shigetoshi Hasegawa,- - -,30,27,26,342,0,429.1,5.18,3.21,0.71,0.275,0.745,0.427,0.057,3.54,4.07,4.66,3.3,1082
Ross Detwiler,- - -,23,41,1,189,83,578,5.48,3.25,0.86,0.305,0.691,0.460,0.088,4.36,4.34,4.61,3.2,2859
Wilton Lopez,- - -,16,17,11,292,2,305.1,6.51,1.68,0.8,0.322,0.743,0.541,0.111,3.54,3.4,3.3,3.1,4227
Rafael Perez,Indians,21,12,3,338,0,329,7.33,3.2,0.71,0.3,0.727,0.545,0.100,3.64,3.62,3.61,3.1,4078
Boof Bonser,- - -,19,25,0,111,60,416.2,7.21,2.87,1.36,0.317,0.670,0.432,0.120,5.18,4.55,4.24,3.1,2159
Steve Kline,- - -,20,25,38,590,0,488.1,5.73,3.65,0.7,0.278,0.765,0.498,0.085,3.32,4.14,4.62,3.1,1164
Jason Davis,- - -,22,26,1,144,56,461,5.25,3.48,0.98,0.308,0.670,0.492,0.108,4.82,4.62,4.63,3.1,1598
Chris Volstad,- - -,35,51,0,131,123,705.2,5.64,3.16,1.14,0.301,0.690,0.501,0.126,4.92,4.61,4.28,3.1,9901
Justin Speier,- - -,35,30,17,575,0,625.2,7.9,2.95,1.34,0.263,0.770,0.326,0.104,3.88,4.46,4.47,3.1,451
Jerry Blevins,- - -,20,11,4,425,0,371.1,8.75,3.22,0.85,0.276,0.746,0.376,0.082,3.44,3.58,3.92,3.1,7841
Brian Tollberg,Padres,15,16,0,53,52,307.1,5.33,2.43,1.17,0.307,0.698,0.438,0.133,4.48,4.46,4.74,3.1,1055
Rudy Seanez,- - -,27,23,4,363,0,377.1,9.47,4.36,0.98,0.295,0.742,0.392,0.098,3.84,3.95,4,3.1,1279
Jason Motte,- - -,26,15,60,398,0,357,8.77,2.65,1.08,0.275,0.775,0.390,0.102,3.28,3.7,3.74,3.1,5861
Jeff Karstens,- - -,26,40,0,138,91,592.1,5.01,2.32,1.22,0.286,0.695,0.406,0.100,4.44,4.55,4.56,3,5879
Tanyon Sturtze,- - -,38,43,3,254,78,745.1,5.47,3.71,1.21,0.3,0.701,0.395,0.113,5.04,4.96,4.95,3,1230
Pedro Feliciano,Mets,22,21,4,484,0,383.2,8.21,3.87,0.7,0.303,0.774,0.517,0.099,3.33,3.77,3.81,3,1601
Jesse Litsch,Blue Jays,27,27,1,88,67,417.2,5.15,2.56,1.19,0.28,0.722,0.468,0.118,4.16,4.71,4.42,3,3688
Brad Bergesen,- - -,19,25,0,102,59,424,4.78,2.59,1.17,0.29,0.686,0.471,0.107,4.61,4.67,4.52,3,8375
Adam Warren,- - -,20,19,5,205,21,354.2,7.54,3.15,0.94,0.284,0.760,0.448,0.107,3.63,3.96,4.01,3,9029
Chase Anderson,- - -,24,24,0,79,78,418.2,7.22,2.86,1.33,0.299,0.740,0.393,0.132,4.26,4.5,4.25,3,6895
Billy Koch,- - -,29,20,132,323,0,343.2,7.86,4.22,0.94,0.29,0.743,0.437,0.114,3.98,4.19,4.36,3,924
Ron Villone,- - -,48,54,3,531,71,857.2,7.05,4.69,1.09,0.29,0.697,0.384,0.089,4.88,4.84,4.9,3,1010
Fernando Salas,- - -,19,22,30,391,0,388.1,8.92,2.64,1.02,0.277,0.741,0.349,0.092,3.64,3.53,3.79,2.9,4971
Jesse Chavez,- - -,26,40,2,315,49,604.2,7.98,3.05,1.25,0.307,0.710,0.414,0.121,4.54,4.25,4.01,2.9,5448
Marc Rzepczynski,- - -,12,24,1,419,23,393,8.54,4.01,0.73,0.313,0.723,0.589,0.123,3.8,3.77,3.6,2.9,6612
Cliff Politte,- - -,19,20,15,309,8,356.2,7.7,3.48,1.21,0.276,0.754,0.358,0.104,4.06,4.33,4.45,2.9,967
Liam Hendriks,- - -,8,19,0,150,34,318,7.5,2.21,1.19,0.331,0.670,0.412,0.115,4.87,4.01,3.96,2.9,3548
Jared Burton,- - -,18,19,10,367,0,361,7.6,3.39,0.77,0.27,0.737,0.441,0.076,3.44,3.85,4.22,2.9,8346
Yusmeiro Petit,- - -,23,32,2,197,58,537,7.79,2.38,1.49,0.289,0.714,0.336,0.118,4.58,4.37,4.13,2.9,4020
Eric O'Flaherty,- - -,23,15,1,474,0,398,6.85,3.26,0.54,0.298,0.729,0.549,0.075,3.51,3.64,3.95,2.8,5746
Gustavo Chacin,- - -,27,17,1,102,58,370,5.25,3.36,1.17,0.288,0.750,0.379,0.099,4.23,4.85,4.94,2.8,2060
Dana Eveland,- - -,20,28,2,187,61,446.1,6.21,4.46,0.69,0.336,0.682,0.502,0.081,5.46,4.44,4.72,2.8,5508
Victor Zambrano,- - -,45,44,3,187,100,706.1,6.74,5.15,0.99,0.28,0.718,0.457,0.107,4.64,4.95,5.08,2.8,1237
Dennys Reyes,- - -,28,25,2,575,24,550.2,7.47,4.84,0.8,0.311,0.716,0.561,0.113,4.25,4.28,4.12,2.8,444
Aaron Fultz,- - -,25,15,3,463,1,479.2,7.39,3.51,0.94,0.296,0.713,0.405,0.089,4.26,4.07,4.37,2.8,1113
Ryan Webb,- - -,17,18,0,375,0,393.1,6.2,2.84,0.48,0.308,0.729,0.561,0.075,3.43,3.45,3.72,2.7,7474
A.J. Griffin,- - -,28,15,0,70,70,401.1,7.67,2.67,1.66,0.256,0.783,0.324,0.134,4.04,4.76,4.39,2.7,11132
Tony Pena,- - -,23,19,8,313,3,379.2,6.26,3.11,0.9,0.296,0.675,0.468,0.090,4.43,4.16,4.29,2.7,4573
Brian Meadows,- - -,25,34,10,274,60,608,4.35,2.31,1.3,0.297,0.687,0.441,0.104,4.84,4.81,4.3,2.7,998
Brett Oberholtzer,- - -,14,23,1,82,44,324,6.11,2.42,1.14,0.307,0.726,0.393,0.095,4.36,4.27,4.46,2.7,3855
Nick Masset,- - -,20,16,4,387,2,403,7.57,3.91,0.74,0.319,0.727,0.497,0.087,4.06,3.9,4.05,2.7,7267
Sergio Mitre,- - -,13,30,1,143,64,454.2,5.25,2.99,1.07,0.308,0.660,0.582,0.140,5.21,4.7,4.26,2.7,1773
Shawn Chacon,- - -,45,61,36,269,134,922,6.04,4.64,1.34,0.275,0.722,0.380,0.109,4.99,5.42,5.39,2.7,424
Brian Shouse,- - -,13,9,6,454,0,338.2,5.98,2.98,0.74,0.285,0.729,0.570,0.123,3.61,4.01,3.85,2.7,630
Chad Cordero,- - -,20,15,128,314,0,330.1,8.12,3.32,1.09,0.257,0.817,0.351,0.091,2.89,4.05,4.3,2.7,1816
Manny Corpas,- - -,13,20,34,359,0,374.1,6.35,2.69,0.91,0.305,0.734,0.482,0.101,4.14,4.06,4.07,2.6,2807
Garrett Stephenson,Cardinals,25,27,0,76,68,419.2,5.32,3.17,1.39,0.271,0.733,0.318,0.110,4.63,5.14,5.32,2.6,1185
Victor Santos,- - -,23,48,0,186,87,602.1,6.35,4.17,1.29,0.309,0.689,0.416,0.123,5.21,5.03,4.74,2.6,446
Runelvys Hernandez,- - -,25,36,0,82,82,454.2,4.87,3.72,1.21,0.301,0.673,0.401,0.105,5.5,5.08,5.13,2.6,1528
Micah Owings,- - -,32,33,1,138,68,483,6.47,3.88,1.19,0.277,0.695,0.364,0.100,4.86,4.95,4.94,2.6,4253
Philip Humber,- - -,16,23,0,97,51,371,6.6,3.13,1.29,0.297,0.681,0.427,0.118,5.31,4.6,4.37,2.6,8586
Kazuhisa Ishii,- - -,39,34,0,105,102,564,6.94,5.65,1.12,0.27,0.729,0.351,0.098,4.44,5.06,5.23,2.6,655
Chris Rusin,- - -,13,24,0,77,49,324.2,6.1,2.88,1.03,0.32,0.692,0.520,0.133,4.8,4.31,4.1,2.6,9895
Zach Day,- - -,21,27,1,86,60,372.2,4.56,4.15,0.85,0.287,0.702,0.556,0.117,4.66,4.79,4.7,2.6,1496
Lucas Harrell,- - -,21,35,0,97,71,448.2,6.1,4.51,0.82,0.307,0.680,0.532,0.112,4.77,4.5,4.48,2.5,7541
Erasmo Ramirez,- - -,25,29,2,145,63,460.2,6.92,2.7,1.19,0.28,0.730,0.452,0.124,4.14,4.36,4.17,2.5,10314
Boone Logan,- - -,28,23,3,581,0,410.1,9.58,3.95,1.1,0.321,0.721,0.464,0.125,4.45,4.03,3.78,2.5,5525
Mike MacDougal,- - -,18,23,71,407,3,394,7.42,4.84,0.57,0.317,0.718,0.579,0.086,4,4.06,4.19,2.5,612
Chris Sampson,Astros,20,15,3,174,33,358.2,4.42,2.18,1,0.291,0.691,0.518,0.108,4.42,4.46,4.34,2.5,2651
Brandon League,- - -,27,35,74,498,0,532,6.34,3.13,0.69,0.293,0.713,0.605,0.121,3.65,3.88,3.72,2.5,3731
Bryan Shaw,- - -,19,22,8,396,0,369.2,7.91,3.14,0.78,0.282,0.764,0.495,0.105,3.04,3.63,3.67,2.4,8110
Jason Grimsley,- - -,17,31,2,396,4,435.2,5.99,4.03,0.85,0.291,0.700,0.643,0.142,4.36,4.4,4.11,2.4,602
Robbie Ross Jr.,- - -,16,12,6,258,12,321.2,7.41,3.22,0.7,0.312,0.719,0.523,0.102,3.83,3.78,3.84,2.4,6819
Hector Carrasco,- - -,25,21,6,314,10,417.2,7.35,3.79,0.97,0.289,0.730,0.463,0.109,4.01,4.26,4.3,2.3,1240
Dan Straily,- - -,27,21,0,86,76,451.2,7.55,3.55,1.39,0.255,0.743,0.341,0.114,4.24,4.78,4.79,2.3,9460
Matt Wise,- - -,17,22,2,209,18,317,6.93,3.01,1.14,0.272,0.700,0.420,0.077,4.23,4.32,4.37,2.3,42
Sam LeCure,Reds,10,16,1,250,10,320.2,8.42,3.48,0.87,0.285,0.761,0.460,0.102,3.51,3.75,3.74,2.3,4664
Scott Sullivan,- - -,25,16,4,343,0,412.2,7.79,3.51,1.16,0.291,0.737,0.316,0.106,4.14,4.42,4.71,2.3,357
Javier Lopez,- - -,30,17,14,839,0,533.1,6.04,3.97,0.44,0.281,0.731,0.590,0.073,3.48,3.86,4.13,2.3,1663
Luis Vizcaino,- - -,35,30,8,542,0,543.1,8.12,3.88,1.29,0.274,0.744,0.369,0.110,4.32,4.52,4.39,2.3,714
Matt Kinney,- - -,19,27,0,103,58,389.2,6.86,4.02,1.39,0.313,0.697,0.345,0.118,5.29,4.94,4.7,2.3,737
Kendall Graveman,- - -,16,20,0,57,52,306.1,5.55,2.5,1.09,0.294,0.746,0.515,0.133,4.08,4.43,4.31,2.3,15514
Danny Graves,- - -,31,36,147,351,30,560.1,4.55,2.63,1.22,0.289,0.719,0.483,0.152,4.26,4.79,4.48,2.3,326
Mike DeJean,- - -,20,28,48,395,0,420.1,7.49,4.54,0.81,0.301,0.749,0.504,0.106,3.98,4.23,4.11,2.3,682
Brad Brach,- - -,25,14,3,288,0,325.1,9.74,4.07,0.94,0.275,0.799,0.392,0.103,2.96,3.71,3.82,2.2,6627
Gary Glover,- - -,29,26,3,262,47,515.2,5.65,3.19,1.29,0.29,0.689,0.395,0.103,5.04,4.85,4.85,2.2,234
Rheal Cormier,- - -,31,25,2,454,0,443.2,6,3.06,0.89,0.274,0.731,0.522,0.120,3.83,4.17,4.1,2.2,952
Neal Cotts,- - -,21,24,4,483,5,443.1,8.55,3.94,1.18,0.284,0.765,0.412,0.124,3.96,4.36,4.1,2.2,1797
David Cone,- - -,14,24,0,60,58,308.2,7.23,4.43,1.34,0.325,0.686,0.431,0.190,5.74,5.08,5.46,2.2,1680
Jeremy Sowers,Indians,18,30,0,72,71,400,3.91,2.97,1.1,0.287,0.666,0.418,0.093,5.17,4.95,5.08,2.2,9083
Todd Coffey,- - -,25,18,11,461,0,438.2,6.75,2.83,1.01,0.316,0.736,0.514,0.118,4.1,4.15,3.93,2.2,2467
Scott Diamond,- - -,19,27,0,59,58,344,4.21,2.25,1.07,0.303,0.690,0.499,0.116,4.5,4.48,4.36,2.2,5089
Randall Delgado,- - -,27,27,1,235,48,468.2,7.68,3.51,1.11,0.286,0.734,0.421,0.112,4.15,4.25,4.2,2.1,5985
Antonio Alfonseca,- - -,26,23,100,444,0,439,5.92,3.65,0.78,0.315,0.740,0.563,0.108,4.22,4.19,4.22,2.1,260
Mac Suzuki,- - -,13,24,0,72,49,328,6.56,5.05,1.32,0.293,0.700,0.537,0.133,5.19,5.32,4.95,2.1,1485
Bobby Jones,- - -,26,33,0,80,78,457.2,5.07,2.14,1.61,0.301,0.678,0.373,0.139,5.19,5.04,4.34,2.1,1039
Zach Miner,- - -,25,22,1,173,38,385.2,5.53,3.78,0.91,0.299,0.727,0.475,0.094,4.25,4.56,4.68,2.1,3193
Jarred Cosart,- - -,16,21,0,67,66,367,5.71,4.41,0.64,0.28,0.727,0.556,0.092,3.92,4.29,4.42,2.1,10304
Mike Dunn,- - -,28,25,4,434,0,351,9.97,4.41,0.87,0.298,0.757,0.357,0.086,3.54,3.7,4,2.1,9948
Jose Mesa,- - -,26,40,184,532,0,532.2,6.66,4.02,0.98,0.301,0.730,0.444,0.095,4.38,4.48,4.92,2.1,961
Ray King,- - -,20,23,2,583,0,400.1,6.14,3.84,0.72,0.276,0.753,0.506,0.096,3.39,4.14,4.38,2,693
Dan Reichert,- - -,19,23,2,116,43,358.2,5.52,4.79,1.03,0.308,0.676,0.575,0.207,5.19,5.1,4.19,2,624
Dan Miceli,- - -,18,25,8,288,0,300.1,8.12,3.66,1.2,0.279,0.735,0.412,0.123,4.11,4.28,4.28,2,1463
Trever Miller,- - -,13,11,9,605,0,403.2,8,3.99,0.91,0.292,0.739,0.388,0.084,4.01,4.23,4.41,2,1672
Craig Breslow,- - -,22,29,8,539,2,535.1,7.04,3.56,0.87,0.282,0.759,0.374,0.076,3.35,4.06,4.51,2,4363
Ronald Belisario,- - -,24,20,12,341,0,339.1,7.24,3.37,0.53,0.288,0.691,0.609,0.097,3.85,3.57,3.61,2,2203
Kerry Ligtenberg,- - -,13,18,17,296,0,302.2,7.7,3.87,1.07,0.293,0.752,0.331,0.093,4.13,4.2,4.67,2,100
Todd Van Poppel,- - -,18,15,3,224,18,397.2,8.1,3.67,1.43,0.302,0.741,0.351,0.138,4.73,4.6,4.37,2,1284
D.J. Carrasco,- - -,24,21,2,290,24,493.2,5.74,3.63,0.82,0.306,0.704,0.497,0.096,4.5,4.39,4.47,2,1666
Tom Wilhelmsen,- - -,13,14,68,317,2,358.2,8.08,3.99,0.73,0.267,0.750,0.462,0.083,3.46,3.78,4.11,2,9975
Esteban Yan,- - -,25,30,50,351,20,526.2,7.16,3.2,1.37,0.301,0.692,0.458,0.136,5.06,4.69,4.4,2,1236
Steve Reed,- - -,16,21,2,353,0,343.1,5.95,2.94,0.94,0.285,0.776,0.453,0.099,3.64,4.33,4.46,1.9,1053
Edward Mujica,- - -,24,28,50,494,4,546.2,6.96,1.47,1.25,0.292,0.734,0.424,0.114,3.85,3.88,3.69,1.9,3970
Roberto Hernandez,- - -,29,36,92,498,0,489.1,6.9,4.01,1.03,0.303,0.728,0.481,0.119,3.97,4.47,4.44,1.9,605
Santiago Casilla,- - -,38,26,127,566,0,555,8.17,3.81,0.81,0.277,0.786,0.487,0.098,3.19,3.89,3.97,1.9,2873
Kirk Saarloos,- - -,29,30,2,165,73,509,4.44,3.29,1.06,0.308,0.699,0.549,0.138,5.02,4.87,4.52,1.9,1516
Scott Sauerbeck,- - -,16,16,3,406,0,318.2,9.43,5.79,0.71,0.317,0.732,0.520,0.126,4.21,4.1,4.18,1.9,1007
Aaron Laffey,- - -,26,29,1,156,68,494.1,4.46,3.62,0.87,0.303,0.715,0.507,0.097,4.44,4.76,4.83,1.9,6248
Peter Moylan,- - -,24,9,4,381,0,331,6.93,3.73,0.6,0.285,0.763,0.616,0.098,2.91,3.83,3.88,1.9,4891
Gil Heredia,Athletics,22,19,0,56,50,308.1,4.35,2.77,1.49,0.292,0.717,,,4.64,5.27,,1.9,1005686
James Baldwin,- - -,31,33,2,128,81,580.2,5.21,3.04,1.58,0.29,0.735,0.360,0.134,4.79,5.32,4.96,1.9,1064
Jose Acevedo,- - -,18,25,1,104,59,368.1,6.18,2.76,1.73,0.296,0.671,0.359,0.138,5.74,5.19,4.67,1.9,307
Geremi Gonzalez,- - -,12,19,0,88,40,318.2,5.39,3.62,1.24,0.287,0.685,0.345,0.098,5.11,5.03,5.25,1.8,1711
Rubby de la Rosa,- - -,26,29,0,89,70,413.2,7.48,3.33,1.31,0.298,0.740,0.482,0.149,4.48,4.54,4.02,1.8,3862
Alfredo Simon,- - -,47,47,19,255,93,775,6.14,3.12,1.22,0.291,0.717,0.465,0.127,4.56,4.73,4.43,1.8,2155
Blaine Boyer,- - -,14,25,4,394,0,405.1,5.55,3.06,0.62,0.301,0.669,0.519,0.074,4.17,3.89,4.28,1.8,2237
Carlos Torres,- - -,26,27,4,281,16,418.1,8.05,3.33,1.03,0.295,0.752,0.442,0.116,3.96,4.04,3.94,1.8,7624
Wil Ledezma,- - -,15,25,0,192,40,396.1,6.43,4.45,1.02,0.312,0.662,0.366,0.084,5.4,4.73,5.11,1.8,1669
Scott Atchison,- - -,17,11,3,299,1,346.2,6.57,2.31,0.91,0.279,0.715,0.497,0.104,3.63,3.76,3.72,1.7,2642
Jimmy Gobble,- - -,22,23,4,247,43,435.2,5.89,3.51,1.38,0.296,0.683,0.349,0.105,5.29,5.06,5.09,1.7,1791
Dustin Moseley,- - -,15,21,0,101,53,358.1,5,2.94,1.08,0.301,0.694,0.478,0.108,4.65,4.62,4.46,1.7,7060
Brian Burres,- - -,18,25,0,106,56,358.1,5.63,4.02,1.13,0.314,0.672,0.383,0.092,5.75,5.02,5.13,1.7,3425
Steve Parris,- - -,21,31,0,76,73,417.1,4.92,3.45,1.57,0.309,0.742,0.356,0.146,5.11,5.47,5.27,1.7,1316
Esmil Rogers,- - -,19,22,0,210,43,454,7.65,3.57,1.19,0.337,0.666,0.459,0.132,5.59,4.45,4.07,1.6,6317
Nelson Figueroa,- - -,20,35,1,145,65,499,6.08,3.66,1.19,0.291,0.727,0.410,0.111,4.55,4.8,4.7,1.6,683
Russ Springer,- - -,19,17,2,459,0,404.1,8.04,3.14,1.34,0.267,0.759,0.286,0.090,3.98,4.43,4.44,1.6,1652
Jeanmar Gomez,- - -,24,26,38,255,46,492.2,5.48,2.94,0.91,0.302,0.708,0.502,0.105,4.26,4.27,4.3,1.6,9033
Wade LeBlanc,- - -,25,33,2,126,79,508.2,6.25,3.01,1.31,0.293,0.742,0.355,0.109,4.39,4.67,4.57,1.6,5221
Will Ohman,- - -,12,16,3,483,0,353,8.57,4.05,1.07,0.284,0.738,0.407,0.108,4.28,4.28,4.16,1.6,296
Mark Lowe,- - -,10,27,6,382,0,385.2,8.21,3.8,1.1,0.305,0.698,0.398,0.106,4.22,4.2,4.21,1.6,7416
Mike Myers,- - -,19,12,5,558,0,323.2,6.42,4.31,0.75,0.278,0.742,0.542,0.106,3.95,4.42,4.68,1.6,68
Ryan Rupe,- - -,16,29,0,65,60,334.1,6.95,2.83,1.72,0.305,0.609,0.510,0.160,6.41,5.2,3.88,1.5,1223
Luis Mendoza,- - -,16,25,1,90,56,359,5.21,3.51,0.95,0.317,0.647,0.505,0.108,5.39,4.69,4.67,1.5,3126
Shawn Camp,- - -,29,33,12,541,0,592.1,6.12,2.67,0.99,0.325,0.713,0.536,0.119,4.41,4.23,4.04,1.5,1855
Rick White,- - -,29,37,10,454,0,551.2,5.79,3.15,1.03,0.298,0.663,0.510,0.134,4.67,4.44,4.3,1.5,456
Jamie Walker,- - -,16,17,12,489,0,381.2,6.58,2.05,1.46,0.276,0.772,0.348,0.113,3.73,4.52,4.38,1.4,502
Sun-Woo Kim,- - -,13,13,0,118,38,337,5.64,3.39,1.18,0.317,0.694,0.456,0.133,5.31,4.85,4.63,1.4,197
Vidal Nuno,- - -,5,20,0,126,42,329.1,7.38,2.32,1.45,0.288,0.772,0.386,0.126,4.02,4.48,4.16,1.4,9674
Jorge Sosa,- - -,44,53,7,294,90,772.2,5.72,4.12,1.3,0.278,0.715,0.356,0.104,4.72,5.1,5.12,1.4,1228
Brad Hand,- - -,13,29,2,172,43,378,7.17,3.71,0.95,0.283,0.712,0.445,0.098,4.29,4.19,4.31,1.4,9111
Jason Bergmann,Nationals,12,24,0,155,50,389.2,6.91,3.53,1.5,0.285,0.687,0.318,0.115,5.04,5.08,4.81,1.4,4640
J.C. Romero,- - -,34,28,7,675,22,651.2,7.21,5.18,0.81,0.289,0.737,0.554,0.097,4.17,4.56,4.56,1.3,754
David Riske,- - -,19,19,22,450,0,483.2,7.91,3.83,1.19,0.268,0.803,0.366,0.110,3.54,4.45,4.36,1.3,402
Jose Veras,- - -,23,23,27,440,0,423,9.32,4.7,0.96,0.266,0.743,0.403,0.099,3.91,4.13,4.16,1.3,2063
Geoff Geary,- - -,16,10,1,287,0,351.1,5.89,3.15,0.87,0.297,0.722,0.454,0.087,3.92,4.31,4.57,1.3,1813
John Riedling,- - -,17,13,3,229,8,302,5.9,4.41,0.72,0.288,0.684,0.549,0.107,4.41,4.36,4.56,1.3,1515
Justin Germano,- - -,10,30,0,96,48,330,5.7,2.92,1.12,0.302,0.645,0.472,0.113,5.4,4.71,4.54,1.3,1938
Sean Burnett,- - -,15,23,10,380,13,378.1,6.59,3.52,0.88,0.282,0.781,0.534,0.119,3.52,4.16,4,1.2,1886
Kevin Jarvis,- - -,22,30,0,102,78,481.2,5.38,2.75,1.72,0.29,0.663,0.455,0.149,5.66,5.37,4.79,1.2,1037
Adam Bernero,- - -,11,27,0,150,37,376,5.91,3.18,1.39,0.305,0.644,0.393,0.116,5.91,4.94,4.79,1.2,460
Sean Lowe,- - -,19,9,3,174,17,321.2,6.04,3.72,1.06,0.309,0.698,0.482,0.152,4.92,4.68,4.42,1.2,994
Brian Tallet,- - -,16,25,0,242,36,460,6.59,4.17,1.13,0.285,0.703,0.387,0.096,4.79,4.84,4.91,1.2,1646
Anthony Swarzak,- - -,17,26,0,217,32,484,5.78,2.57,1.1,0.302,0.698,0.420,0.097,4.52,4.3,4.41,1.2,7466
Alfredo Aceves,- - -,31,16,29,204,15,380.1,6.67,3.05,1.14,0.256,0.752,0.385,0.097,3.83,4.47,4.55,1.2,5164
Ross Ohlendorf,- - -,30,41,3,209,80,586.2,6.81,3.41,1.38,0.296,0.723,0.368,0.117,4.82,4.85,4.63,1.1,8268
Rob Bell,- - -,34,37,0,151,108,686,5.52,3.78,1.64,0.286,0.675,0.440,0.126,5.71,5.56,4.92,1.1,1492
Nate Cornejo,Tigers,12,29,0,56,56,313,2.96,3.31,1.09,0.319,0.676,0.520,0.099,5.41,5.13,4.97,1.1,462
Brandon Backe,- - -,31,29,0,145,79,525.1,6.17,4.08,1.49,0.299,0.730,0.386,0.128,5.23,5.33,4.94,1.1,1529
Ron Mahay,- - -,21,11,2,451,2,497.2,7.58,4.29,1.23,0.288,0.763,0.419,0.104,4,4.67,4.46,1.1,290
Pete Walker,- - -,19,14,4,130,31,321,5.19,3.5,1.26,0.285,0.732,0.439,0.120,4.49,4.91,4.75,1.1,1325
John Wasdin,- - -,12,18,5,153,27,349.2,6.33,2.99,1.57,0.315,0.699,0.341,0.117,5.61,5.1,5.3,1.1,1768
Juan Oviedo,- - -,21,23,93,349,6,388.2,7.27,3.08,1.16,0.289,0.727,0.390,0.098,4.28,4.31,4.33,1.1,2886
Jim Brower,- - -,30,31,5,345,26,548.1,6.22,4.04,1.02,0.298,0.704,0.514,0.113,4.68,4.63,4.27,1.1,313
Jose Lima,- - -,43,62,0,171,146,860,4.79,2.7,1.77,0.299,0.658,0.391,0.124,6,5.55,5.02,1.1,475
Ryan Rowland-Smith,- - -,12,17,2,121,47,370,5.57,3.36,1.24,0.284,0.705,0.375,0.097,4.57,4.91,4.94,1.1,3245
Dan Wright,White Sox,20,26,1,70,64,366.2,5.52,4.1,1.6,0.281,0.672,0.410,0.146,5.65,5.55,4.82,1.1,258
Paul Abbott,- - -,31,27,0,100,86,512,5.59,4.76,1.39,0.266,0.709,0.386,0.148,5.15,5.54,5.8,1,1061
Rick Bauer,- - -,11,14,3,187,10,317,5.25,3.44,0.99,0.286,0.684,0.484,0.099,4.51,4.62,4.61,1,125
David Huff,- - -,25,30,0,120,57,393.1,5.35,3.02,1.35,0.306,0.667,0.388,0.108,5.17,4.91,4.77,0.9,4257
Justin Miller,- - -,24,14,0,216,33,375.2,7.19,4.48,1.17,0.299,0.714,0.423,0.114,4.82,4.85,4.7,0.9,1313
Giovanni Carrara,- - -,26,12,4,280,4,375.1,6.79,3.5,1.17,0.274,0.777,0.381,0.091,3.93,4.53,4.75,0.9,643
Dave Williams,- - -,22,31,0,82,72,408,5.4,3.64,1.41,0.272,0.714,0.388,0.130,4.83,5.31,4.98,0.9,1013
Franklin Morales,- - -,23,30,11,305,47,490,7.07,4.1,1.12,0.29,0.720,0.412,0.110,4.56,4.7,4.57,0.9,5088
Jorge Julio,- - -,17,34,99,453,0,467,8.63,4.49,1.25,0.286,0.719,0.434,0.129,4.43,4.59,4.31,0.9,148
Matt Albers,- - -,29,37,0,452,24,604,6.24,3.81,0.94,0.296,0.710,0.523,0.110,4.38,4.49,4.41,0.8,4300
Vin Mazzaro,- - -,24,23,1,140,45,383,5.48,3.67,1.01,0.315,0.696,0.438,0.095,4.79,4.68,4.75,0.8,5231
Andy Benes,Cardinals,24,20,0,75,63,370.1,6.78,4.37,1.7,0.279,0.728,0.349,0.076,5.05,5.57,5.24,0.8,1144
Doug Waechter,- - -,18,27,0,113,54,384.1,5.29,3.02,1.59,0.285,0.675,0.345,0.115,5.34,5.31,5.16,0.8,1814
Todd Wellemeyer,- - -,32,34,3,208,75,614.2,6.72,4.47,1.26,0.291,0.713,0.394,0.111,4.83,5.03,4.88,0.8,1709
Matt Guerrier,- - -,27,35,6,555,3,623,5.94,2.98,1,0.267,0.765,0.445,0.094,3.52,4.31,4.42,0.8,2061
Julio Mateo,Mariners,18,12,2,219,1,318.1,6.11,2.4,1.27,0.261,0.786,0.306,0.091,3.68,4.53,4.89,0.7,1087
John Grabow,- - -,24,19,6,506,0,476.1,7.56,4.16,1.04,0.3,0.728,0.443,0.106,4.31,4.38,4.32,0.7,1848
David Aardsma,- - -,16,18,69,331,0,337,9.08,4.89,1.09,0.285,0.745,0.344,0.101,4.27,4.45,4.49,0.6,1902
Mitchell Boggs,- - -,13,15,6,241,15,316.2,6.62,4.09,0.77,0.301,0.734,0.526,0.097,4.12,4.26,4.31,0.6,3344
Brad Hennessey,Giants,17,23,20,148,44,360.2,4.79,3.67,1.1,0.29,0.718,0.450,0.105,4.69,5.01,5,0.6,3720
Wes Obermueller,- - -,11,22,0,80,48,315.1,4.74,4.02,1.2,0.31,0.664,0.450,0.117,5.82,5.26,5.11,0.5,1637
Oscar Villarreal,- - -,24,15,1,258,5,336,6.32,3.62,1.13,0.274,0.739,0.441,0.113,3.86,4.69,4.59,0.5,1654
Samuel Deduno,- - -,16,20,1,83,44,314.1,6.61,4.38,0.86,0.292,0.735,0.564,0.139,4.38,4.58,4.27,0.5,5285
Chris Perez,- - -,16,24,133,393,0,379.1,8.59,3.91,1.07,0.256,0.776,0.366,0.101,3.51,4.23,4.23,0.5,5213
Chuck James,- - -,24,19,0,72,55,326,6.68,3.64,1.74,0.264,0.782,0.295,0.125,4.53,5.52,5.05,0.5,4886
Vladimir Nunez,- - -,14,24,20,206,15,328,6.56,3.92,1.21,0.284,0.681,0.390,0.112,4.99,4.73,4.62,0.4,532
Armando Galarraga,- - -,26,34,0,100,91,542,5.75,3.75,1.56,0.263,0.721,0.405,0.127,4.78,5.43,4.94,0.4,4222
Joe Beimel,- - -,29,34,5,675,23,680,5.02,3.6,0.87,0.294,0.741,0.470,0.085,4.06,4.53,4.73,0.4,979
Jason Simontacchi,- - -,26,17,1,96,53,355.2,4.83,3.16,1.44,0.294,0.710,0.406,0.127,5.09,5.24,4.9,0.4,1181
Travis Harper,Devil Rays,22,29,2,240,14,411.2,5.92,2.97,1.33,0.297,0.692,0.418,0.118,4.94,4.83,4.44,0.4,1211
Jo-Jo Reyes,- - -,13,26,0,72,62,337,5.74,3.93,1.44,0.317,0.641,0.442,0.135,6.06,5.32,4.75,0.3,5559
Cesar Ramos,- - -,10,15,2,267,14,346.2,6.96,3.61,0.91,0.297,0.739,0.455,0.097,4.02,4.17,4.3,0.3,3357
Damian Moss,- - -,22,19,0,74,61,361.2,5.08,4.85,1.17,0.26,0.725,0.423,0.112,4.5,5.33,5.28,0.3,107
Chad Durbin,- - -,43,47,5,455,75,834,6.19,3.93,1.33,0.296,0.700,0.421,0.118,5.04,5.11,4.71,0.3,1442
Tony Sipp,- - -,22,18,7,480,0,406.2,9.56,4.05,1.42,0.255,0.794,0.320,0.121,3.65,4.42,4.15,0.2,8280
James Russell,- - -,10,18,4,394,6,334.2,6.53,2.69,1.16,0.287,0.702,0.363,0.093,4.09,4.28,4.44,0.2,4089
Jacob Turner,- - -,12,27,0,79,53,323.1,5.85,3.42,1.11,0.309,0.654,0.471,0.116,5.09,4.62,4.45,0.2,10185
Dave Mlicki,- - -,21,32,0,80,66,373,5.09,3.67,1.57,0.303,0.684,0.408,0.105,5.79,5.58,4.62,0.1,569
Wesley Wright,- - -,10,18,2,372,4,307,8.65,3.96,1.11,0.299,0.736,0.473,0.139,4.16,4.28,3.85,0,5960
Edgar Gonzalez,- - -,17,27,0,121,47,368,5.8,3.18,1.59,0.315,0.684,0.410,0.132,5.92,5.38,4.88,0,1727
Terry Mulholland,- - -,21,27,1,270,45,585.2,4.29,2.57,1.41,0.311,0.712,0.476,0.138,5.06,5.13,4.79,-0.1,665
Rocky Biddle,- - -,20,30,46,198,41,378.2,6.2,4.04,1.4,0.294,0.650,0.501,0.173,5.47,5.24,4.6,-0.1,223
Nick Martinez,Rangers,14,22,0,65,50,304,5.03,3.55,1.24,0.29,0.733,0.391,0.102,4.44,5.2,5.26,-0.2,12730
Hector Noesi,- - -,12,31,0,107,53,395.1,6.35,3.32,1.48,0.301,0.690,0.381,0.126,5.3,5,4.61,-0.2,3292
Brad Thompson,- - -,21,21,1,201,32,405.1,4.22,2.69,1.09,0.289,0.714,0.519,0.120,4.46,4.92,4.66,-0.3,4911
Kyle McClellan,- - -,19,24,6,268,17,387.1,6.04,3.25,1.05,0.264,0.756,0.493,0.113,3.79,4.46,4.27,-0.3,4845
Jesus Colome,- - -,19,27,6,341,0,426.1,6.97,4.73,1.03,0.286,0.706,0.342,0.084,4.69,4.72,4.95,-0.3,1198
Mike Wood,- - -,16,22,2,115,39,344,4.79,3.27,1.41,0.31,0.674,0.515,0.147,5.49,5.39,4.82,-0.4,1806
Tim Byrdak,- - -,13,10,3,443,0,313.1,8.85,5.26,1.15,0.272,0.752,0.399,0.107,4.08,4.64,4.46,-0.4,1995
Scott Erickson,- - -,12,28,0,79,58,347,3.66,4.36,1.32,0.311,0.654,0.555,0.154,6.41,5.75,5.11,-0.5,137
Scott Elarton,- - -,45,55,0,162,153,884.1,5.3,3.61,1.82,0.274,0.682,0.330,0.130,5.67,5.86,5.47,-0.5,426
Seth McClung,- - -,26,34,6,177,51,430.1,6.57,5.31,1.28,0.282,0.692,0.386,0.110,5.46,5.4,5.32,-0.5,1657
Jared Hughes,Pirates,15,13,3,313,0,309.1,5.5,2.97,0.67,0.28,0.779,0.610,0.113,2.82,4.09,4.09,-0.6,9325
Al Levine,- - -,21,28,10,295,6,386.2,4.38,3.91,1.07,0.273,0.771,0.453,0.114,3.72,5.01,5.06,-0.6,20
Kent Mercker,- - -,12,9,6,347,7,304.1,6.92,4.38,1.45,0.28,0.802,0.379,0.121,3.99,5.17,4.61,-0.7,439
Mike Lincoln,- - -,14,20,5,245,4,300,6.27,3.69,1.32,0.297,0.709,0.503,0.142,4.95,4.97,4.25,-0.8,1457
Ruben Quevedo,- - -,14,30,0,66,58,326.1,6.54,4.83,1.93,0.291,0.676,0.303,0.137,6.15,6.04,5.56,-0.8,705
Wayne Franklin,- - -,14,16,0,143,40,323,6.02,4.68,1.59,0.276,0.692,0.356,0.123,5.54,5.72,5.47,-0.9,557
Scott Proctor,- - -,18,16,1,307,1,343,7.64,4.38,1.52,0.277,0.726,0.318,0.111,4.78,5.19,5.03,-1.4,1911
Sean O'Sullivan,- - -,13,23,0,71,56,323.2,4.39,3.2,1.64,0.303,0.677,0.401,0.127,6.01,5.67,5.21,-1.8,9137
Lance Cormier,- - -,24,28,3,290,24,468.2,5.3,4.36,1.25,0.307,0.715,0.516,0.147,5.07,5.25,4.7,-1.9,4346