dateStamp,park_sv_id,play_guid,ab_total,ab_count,pitcher_id,batter_id,ab_id,des,pitch_type,pitch_id,sz_top,sz_bot,pfx_xDataFile,pfx_zDataFile,mlbam_pitch_name,zone_location,pitch_con,stand,strikes,balls,p_throws,gid,pdes,spin,norm_ht,inning,pitcher_team,tstart,vystart,ftime,pfx_x,pfx_z,uncorrected_pfx_x,uncorrected_pfx_z,x0,y0,z0,vx0,vy0,vz0,ax,ay,az,start_speed,px,pz,pxold,pzold,tm_spin,sb
2017-04-07,170407_002229hou,0a931d62-12e2-4fb9-b2ff-09dfdd551ecf,6,1,664641,543807,5,Home Run,B,38,3.9611,1.93801,6.1876,10.5233,FF,19,0.856,R,0,0,L,gid_2017_04_06_seamlb_houmlb_1/,Ball,149.575,-1.08779,1,sea,0.07666821236504766,-129.35233735237819,0.3086538920745674,6.7008325784929355,11.000371853418763,6.1876,10.5233,1.7550111362006353,55,6.532892350051115,-2.9783688495463134,-132.5785925448279,-7.981929300344492,11.72287141418457,28.168534088134766,-12.934235527038574,90.58,1.5443087965382278,1.9968904054487366,1.59942,1.84921,0,00
2017-04-07,170407_002225_06,0a931d62-12e2-4fb9-b2ff-09dfdd551ecf,6,1,664641,543807,5,Home Run,B,38,3.65,1.7,6.1876,10.5233,FF,,2,R,0,0,L,gid_2017_04_06_seamlb_houmlb_1/,Ball,149.575,-0.846966,1,sea,0.07666821236504766,-129.35233735237819,0.3086538920745674,6.7008325784929355,11.000371853418763,6.1876,10.5233,1.7550111362006353,55,6.532892350051115,-2.9783688495463134,-132.5785925448279,-7.981929300344492,11.72287141418457,28.168534088134766,-12.934235527038574,90.58,1.5443087965382278,1.9968904054487366,1.59942,1.84921,2341,00
2017-04-07,170407_002245hou,e765cd4a-e08c-4935-8b5c-208c44cec2da,6,2,664641,543807,5,Home Run,S,39,3.865,1.601,7.89514,10.058,FF,7,0.691,R,0,1,L,gid_2017_04_06_seamlb_houmlb_1/,Swinging Strike,141.896,0.0878726,1,sea,0.07574018244777227,-130.92083474342093,0.30512422430462904,8.373175408827278,10.52831107908285,7.89514,10.058,1.5574935283911784,55,6.492831012779443,-6.627901886684025,-134.23551537816337,-5.6272897699064455,14.989445320129395,29.2969539642334,-13.331485702514648,91.72,0.0964439476920127,2.973020615777111,0.146662,2.83247,0,10
2017-04-07,170407_002240_06,e765cd4a-e08c-4935-8b5c-208c44cec2da,6,2,664641,543807,5,Home Run,S,39,3.65,1.7,7.89514,10.058,FF,,2,R,0,1,L,gid_2017_04_06_seamlb_houmlb_1/,Swinging Strike,141.896,0.161509,1,sea,0.07574018244777227,-130.92083474342093,0.30512422430462904,8.373175408827278,10.52831107908285,7.89514,10.058,1.5574935283911784,55,6.492831012779443,-6.627901886684025,-134.23551537816337,-5.6272897699064455,14.989445320129395,29.2969539642334,-13.331485702514648,91.72,0.0964439476920127,2.973020615777111,0.146662,2.83247,2479,10
2017-04-07,170407_002302hou,2bc4d08a-b9cb-4c31-8bf3-880409bd9794,6,3,664641,543807,5,Home Run,B,40,3.9131,1.926,7.63864,11.3787,FF,21,0.892,R,1,1,L,gid_2017_04_06_seamlb_houmlb_1/,Ball,146.155,-1.88104,1,sea,0.0745622878500199,-133.00934405333186,0.3001319976559128,8.102642360954256,11.814415658010804,7.63864,11.3787,1.6104246028273324,55,6.414454731001367,-7.891661130392783,-136.3160040133334,-10.552127387185985,14.991697898864746,29.68557815551758,-10.319692565917968,93.38,-0.3677372845035687,1.1982484125321609,-0.319285,1.05065,0,11
2017-04-07,170407_002258_06,2bc4d08a-b9cb-4c31-8bf3-880409bd9794,6,3,664641,543807,5,Home Run,B,40,3.65,1.7,7.63864,11.3787,FF,,2,R,1,1,L,gid_2017_04_06_seamlb_houmlb_1/,Ball,146.155,-1.666,1,sea,0.0745622878500199,-133.00934405333186,0.3001319976559128,8.102642360954256,11.814415658010804,7.63864,11.3787,1.6104246028273324,55,6.414454731001367,-7.891661130392783,-136.3160040133334,-10.552127387185985,14.991697898864746,29.68557815551758,-10.319692565917968,93.38,-0.3677372845035687,1.1982484125321609,-0.319285,1.05065,2704,11
2017-04-07,170407_002321hou,69354c35-75f7-40c3-b125-1f9ff465ee2a,6,4,664641,543807,5,Home Run,S,41,3.865,1.601,7.07852,11.7205,FF,18,0.926,R,1,2,L,gid_2017_04_06_seamlb_houmlb_1/,Foul,148.9,-0.550984,1,sea,0.0743280033493659,-133.37763306813596,0.2998067475325799,7.548367742863148,12.150198410262773,7.07852,11.7205,1.5619119793901308,55,6.4820480836382925,-5.943210823797299,-136.84634049402226,-8.317805050324793,13.996485343933106,31.244263458251954,-9.64961619567871,93.56,0.30143643159386135,2.2505919357708812,0.353791,2.10929,0,21
2017-04-07,170407_002317_06,69354c35-75f7-40c3-b125-1f9ff465ee2a,6,4,664641,543807,5,Home Run,S,41,3.65,1.7,7.07852,11.7205,FF,,2,R,1,2,L,gid_2017_04_06_seamlb_houmlb_1/,Foul,148.9,-0.580219,1,sea,0.0743280033493659,-133.37763306813596,0.2998067475325799,7.548367742863148,12.150198410262773,7.07852,11.7205,1.5619119793901308,55,6.4820480836382925,-5.943210823797299,-136.84634049402226,-8.317805050324793,13.996485343933106,31.244263458251954,-9.64961619567871,93.56,0.30143643159386135,2.2505919357708812,0.353791,2.10929,2697,21
2017-04-07,170407_002353hou,6448ce00-59cf-4300-8f2d-d61b206b8fa8,6,5,664641,543807,5,Home Run,B,42,3.7451,1.86596,8.08671,7.69071,FT,20,0.876,R,2,2,L,gid_2017_04_06_seamlb_houmlb_1/,Ball,133.584,-1.30853,1,sea,0.0732704820046217,-135.41540534402222,0.29421919205565306,8.525053391639915,8.153257593627815,8.08671,7.69071,1.3605570571947312,55,6.420830078065006,-9.225757323762702,-138.59873665436066,-8.313446244235857,16.413600555419922,29.07592658996582,-16.481231643676757,94.88,-1.026388558580122,1.721688787579736,-0.978071,1.57608,0,22
2017-04-07,170407_002348_06,6448ce00-59cf-4300-8f2d-d61b206b8fa8,6,5,664641,543807,5,Home Run,B,42,3.65,1.7,8.08671,7.69071,FF,,2,R,2,2,L,gid_2017_04_06_seamlb_houmlb_1/,Ball,133.584,-1.1271,1,sea,0.0732704820046217,-135.41540534402222,0.29421919205565306,8.525053391639915,8.153257593627815,8.08671,7.69071,1.3605570571947312,55,6.420830078065006,-9.225757323762702,-138.59873665436066,-8.313446244235857,16.413600555419922,29.07592658996582,-16.481231643676757,94.88,-1.026388558580122,1.721688787579736,-0.978071,1.57608,2253,22
2017-04-07,170407_002422hou,ce975e61-c55b-4eed-a92a-29d9984d6695,6,6,664641,543807,5,Home Run,X,43,3.865,1.601,6.70414,8.15674,FF,12,0.777,R,2,3,L,gid_2017_04_06_seamlb_houmlb_1/,"In play, run(s)",140.608,-0.375251,1,sea,0.07327930167876531,-135.36765998291312,0.2946213308699946,7.1612134448080536,8.614628763305205,6.70414,8.15674,1.20425463566845,55,6.40182056806087,-6.227665913824684,-138.6442198137432,-6.621525030707366,13.750136009216309,29.92721061706543,-15.638183547973632,94.73,-0.18967050078176872,2.449190722795376,-0.136899,2.30822,0,32
2017-04-07,170407_002412_06,ce975e61-c55b-4eed-a92a-29d9984d6695,6,6,664641,543807,5,Home Run,X,43,3.65,1.7,6.70414,8.15674,FF,,2,R,2,3,L,gid_2017_04_06_seamlb_houmlb_1/,"In play, run(s)",140.608,-0.376189,1,sea,0.07327930167876531,-135.36765998291312,0.2946213308699946,7.1612134448080536,8.614628763305205,6.70414,8.15674,1.20425463566845,55,6.40182056806087,-6.227665913824684,-138.6442198137432,-6.621525030707366,13.750136009216309,29.92721061706543,-15.638183547973632,94.73,-0.18967050078176872,2.449190722795376,-0.136899,2.30822,2125,32
2017-04-07,170407_002507hou,59adf46e-da25-48db-b66f-572fc5a32c39,4,1,664641,503556,6,Strikeout,B,48,3.97812,1.89002,7.33839,8.18848,FS,14,0.61,R,0,0,L,gid_2017_04_06_seamlb_houmlb_1/,Ball,138.158,-0.247182,1,sea,0.08291812142644887,-119.64332100848844,0.33320282924455064,7.928729963372828,8.791484372536752,7.33839,8.18848,2.0427748788478004,55,6.280629358805698,-4.714518275943073,-122.50482836370144,-3.211758866198471,11.90241300201416,23.09695701599121,-18.981441452026367,83.62,1.1312095301730603,2.8296468978850395,1.17478,2.676,0,00
2017-04-07,170407_002503_06,59adf46e-da25-48db-b66f-572fc5a32c39,4,1,664641,503556,6,Strikeout,B,48,3.64,1.7,7.33839,8.18848,FS,,2,R,0,0,L,gid_2017_04_06_seamlb_houmlb_1/,Ball,138.158,0.00618505,1,sea,0.08291812142644887,-119.64332100848844,0.33320282924455064,7.928729963372828,8.791484372536752,7.33839,8.18848,2.0427748788478004,55,6.280629358805698,-4.714518275943073,-122.50482836370144,-3.211758866198471,11.90241300201416,23.09695701599121,-18.981441452026367,83.62,1.1312095301730603,2.8296468978850395,1.17478,2.676,1957,00
2017-04-07,170407_002529hou,eb50b61a-5b79-4f54-aa87-5f78b8b82a71,4,2,664641,503556,6,Strikeout,S,49,3.786,1.565,6.8717,10.3565,FF,12,0.897,R,0,1,L,gid_2017_04_06_seamlb_houmlb_1/,Foul,146.464,-0.0605447,1,sea,0.0743938977344847,-133.33952345844287,0.29910270998825733,7.342149248121641,10.80203116786886,6.8717,10.3565,1.585476390613941,55,6.444593306330621,-7.413646800631967,-136.56702155381242,-6.539431275411232,13.678272834777832,29.037428665161134,-12.05503840637207,93.36,-0.3049102409037492,2.747334002953576,-0.256327,2.60827,0,10
2017-04-07,170407_002519_06,eb50b61a-5b79-4f54-aa87-5f78b8b82a71,4,2,664641,503556,6,Strikeout,S,49,3.64,1.7,6.8717,10.3565,FF,,2,R,0,1,L,gid_2017_04_06_seamlb_houmlb_1/,Foul,146.464,-0.0636442,1,sea,0.0743938977344847,-133.33952345844287,0.29910270998825733,7.342149248121641,10.80203116786886,6.8717,10.3565,1.585476390613941,55,6.444593306330621,-7.413646800631967,-136.56702155381242,-6.539431275411232,13.678272834777832,29.037428665161134,-12.05503840637207,93.36,-0.3049102409037492,2.747334002953576,-0.256327,2.60827,2464,10
2017-04-07,170407_002603hou,c2acfc98-b69d-44f9-ba4c-d24b8efee62d,4,3,664641,503556,6,Strikeout,S,50,3.90613,1.90203,7.71611,7.86694,FT,2,0.607,R,1,1,L,gid_2017_04_06_seamlb_houmlb_1/,Swinging Strike,135.578,1.37807,1,sea,0.07435995312223091,-133.39129265523633,0.29907582023566137,8.175568981004782,8.344285849557998,7.71611,7.86694,1.344315815146794,55,6.477239028649708,-6.265213048517664,-136.64734609527684,-1.6131749150211112,15.233655563354493,29.308674621582032,-16.63097186279297,93.27,0.0559641626980214,4.4165843175065564,0.108932,4.28497,0,11
2017-04-07,170407_002559_06,c2acfc98-b69d-44f9-ba4c-d24b8efee62d,4,3,664641,503556,6,Strikeout,S,50,3.64,1.7,7.71611,7.86694,FF,,2,R,1,1,L,gid_2017_04_06_seamlb_houmlb_1/,Swinging Strike,135.578,1.66491,1,sea,0.07435995312223091,-133.39129265523633,0.29907582023566137,8.175568981004782,8.344285849557998,7.71611,7.86694,1.344315815146794,55,6.477239028649708,-6.265213048517664,-136.64734609527684,-1.6131749150211112,15.233655563354493,29.308674621582032,-16.63097186279297,93.27,0.0559641626980214,4.4165843175065564,0.108932,4.28497,2184,11
2017-04-07,170407_002628hou,076ab4a0-a925-4142-bd2f-b8153d61d8e0,4,4,664641,503556,6,Strikeout,S,51,3.786,1.565,4.67687,5.28019,SL,17,0.923,R,2,1,L,gid_2017_04_06_seamlb_houmlb_1/,Swinging Strike,138.492,-0.710974,1,sea,0.08485597949294499,-116.99744695250286,0.3396478194494552,5.331009822585321,5.951341403267462,4.67687,5.28019,1.938032182607945,55,6.45587140871425,-6.636015572972006,-119.5362558222968,-3.9410128767315724,7.701947799682618,20.01712875366211,-23.580831481933593,81.67,-0.31954031202923716,2.0518815063919957,-0.290072,1.88596,0,12
2017-04-07,170407_002623_06,076ab4a0-a925-4142-bd2f-b8153d61d8e0,4,4,664641,503556,6,Strikeout,S,51,3.64,1.7,4.67687,5.28019,SL,,2,R,2,1,L,gid_2017_04_06_seamlb_houmlb_1/,Swinging Strike,138.492,-0.808285,1,sea,0.08485597949294499,-116.99744695250286,0.3396478194494552,5.331009822585321,5.951341403267462,4.67687,5.28019,1.938032182607945,55,6.45587140871425,-6.636015572972006,-119.5362558222968,-3.9410128767315724,7.701947799682618,20.01712875366211,-23.580831481933593,81.67,-0.31954031202923716,2.0518815063919957,-0.290072,1.88596,1237,12
2017-04-07,170407_002702hou,58c53145-d0f7-4fe6-b054-782020935098,5,1,664641,514888,7,Single,B,55,3.19805,1.56578,6.72549,10.6739,FF,4,0.914,R,0,0,L,gid_2017_04_06_seamlb_houmlb_1/,Ball,147.815,0.798619,1,sea,0.07441764603903693,-133.2481920100645,0.2997883255211865,7.199985544449444,11.117313722705811,6.72549,10.6739,1.4075746133197835,55,6.462541866606336,-3.416667293474552,-136.61982622591822,-5.63544938531299,13.352141967773438,30.329874801635743,-11.56229872894287,93.26,1.1309516665221144,3.1703226594516427,1.18885,3.03369,0,00
2017-04-07,170407_002657_06,58c53145-d0f7-4fe6-b054-782020935098,5,1,664641,514888,7,Single,B,55,2.88,1.28,6.72549,10.6739,FF,,2,R,0,0,L,gid_2017_04_06_seamlb_houmlb_1/,Ball,147.815,1.19212,1,sea,0.07441764603903693,-133.2481920100645,0.2997883255211865,7.199985544449444,11.117313722705811,6.72549,10.6739,1.4075746133197835,55,6.462541866606336,-3.416667293474552,-136.61982622591822,-5.63544938531299,13.352141967773438,30.329874801635743,-11.56229872894287,93.26,1.1309516665221144,3.1703226594516427,1.18885,3.03369,2489,00
2017-04-07,170407_002715hou,45c7d8ab-5075-4032-ad85-ad890c676f7c,5,2,664641,514888,7,Single,B,56,3.22205,1.46971,7.17371,9.10006,FS,23,0.76,R,0,1,L,gid_2017_04_06_seamlb_houmlb_1/,Ball,141.777,-1.24258,1,sea,0.08265703569548305,-119.98329071774961,0.33271862374544986,7.764233530316572,9.688027586344534,7.17371,9.10006,1.8825298786133065,55,6.209369190649704,-5.631478660944114,-122.9667664895522,-6.4888398942950705,11.68942414855957,24.161186981201173,-17.59321208190918,84.05,0.5298423254710076,1.4184562195734096,0.570564,1.25716,0,10
2017-04-07,170407_002710_06,45c7d8ab-5075-4032-ad85-ad890c676f7c,5,2,664641,514888,7,Single,B,56,2.88,1.28,7.17371,9.10006,FS,,2,R,0,1,L,gid_2017_04_06_seamlb_houmlb_1/,Ball,141.777,-1.02854,1,sea,0.08265703569548305,-119.98329071774961,0.33271862374544986,7.764233530316572,9.688027586344534,7.17371,9.10006,1.8825298786133065,55,6.209369190649704,-5.631478660944114,-122.9667664895522,-6.4888398942950705,11.68942414855957,24.161186981201173,-17.59321208190918,84.05,0.5298423254710076,1.4184562195734096,0.570564,1.25716,2061,10
2017-04-07,170407_002729hou,a89786ed-7eb5-4f82-b464-f16f177553c3,5,3,664641,514888,7,Single,S,57,3.23406,1.51775,8.51727,8.72308,FS,16,0.904,R,0,2,L,gid_2017_04_06_seamlb_houmlb_1/,Called Strike,135.707,-0.727661,1,sea,0.08211998963135815,-120.80336429506558,0.3300363286318807,9.078839979355584,9.305926763710314,8.51727,8.72308,1.8317361266143337,55,6.314226246634803,-8.040169822399825,-123.70096184270172,-5.668684882198999,13.891707054138184,23.615837860107423,-17.939823104858398,84.61,-0.384637930001301,1.909321326986288,-0.347217,1.75146,0,20
2017-04-07,170407_002725_06,a89786ed-7eb5-4f82-b464-f16f177553c3,5,3,664641,514888,7,Single,S,57,2.88,1.28,8.51727,8.72308,FS,,2,R,0,2,L,gid_2017_04_06_seamlb_houmlb_1/,Called Strike,135.707,-0.410681,1,sea,0.08211998963135815,-120.80336429506558,0.3300363286318807,9.078839979355584,9.305926763710314,8.51727,8.72308,1.8317361266143337,55,6.314226246634803,-8.040169822399825,-123.70096184270172,-5.668684882198999,13.891707054138184,23.615837860107423,-17.939823104858398,84.61,-0.384637930001301,1.909321326986288,-0.347217,1.75146,2190,20
2017-04-07,170407_002744hou,0554e1fb-27ca-4de5-a37e-aff67fd0dcc1,5,4,664641,514888,7,Single,S,58,3.24606,1.54177,3.72471,0.490068,SL,6,0.923,R,1,2,L,gid_2017_04_06_seamlb_houmlb_1/,Called Strike,97.4987,0.61227,1,sea,0.08553892491859287,-116.06800981464643,0.3423081978936612,4.403383283436269,1.240921446971402,3.72471,0.490068,1.809384546788458,55,6.332207123007359,-6.417139768065228,-118.57262509978555,0.23291868994985587,6.263262859344483,19.589484024047852,-30.413944198608398,80.96,-0.5154502667822308,3.0802051145412084,-0.488492,2.91566,0,21
2017-04-07,170407_002739_06,0554e1fb-27ca-4de5-a37e-aff67fd0dcc1,5,4,664641,514888,7,Single,S,58,2.88,1.28,3.72471,0.490068,SL,,2,R,1,2,L,gid_2017_04_06_seamlb_houmlb_1/,Called Strike,97.4987,1.04457,1,sea,0.08553892491859287,-116.06800981464643,0.3423081978936612,4.403383283436269,1.240921446971402,3.72471,0.490068,1.809384546788458,55,6.332207123007359,-6.417139768065228,-118.57262509978555,0.23291868994985587,6.263262859344483,19.589484024047852,-30.413944198608398,80.96,-0.5154502667822308,3.0802051145412084,-0.488492,2.91566,654,21
2017-04-07,170407_002802hou,b9fd4fc4-26c7-4eb9-90eb-10471a2ef06d,5,5,664641,514888,7,Single,X,59,3.786,1.565,7.66936,8.46702,FF,9,0.656,R,2,2,L,gid_2017_04_06_seamlb_houmlb_1/,"In play, no out",137.854,0.0885516,1,sea,0.07307797101872873,-135.74792247755542,0.2937267973692054,8.111184449564409,8.917882740452487,7.66936,8.46702,1.3229050720366298,55,6.410568923047702,-3.4786222856133695,-139.01171203374278,-5.672335984111331,15.66916619873047,29.891920852661134,-14.951456024169921,94.89,1.1931733793835624,2.911538712807296,1.25451,2.77384,0,22
2017-04-07,170407_002755_06,b9fd4fc4-26c7-4eb9-90eb-10471a2ef06d,5,5,664641,514888,7,Single,X,59,2.88,1.28,7.66936,8.46702,FF,,2,R,2,2,L,gid_2017_04_06_seamlb_houmlb_1/,"In play, no out",137.854,0.867296,1,sea,0.07307797101872873,-135.74792247755542,0.2937267973692054,8.111184449564409,8.917882740452487,7.66936,8.46702,1.3229050720366298,55,6.410568923047702,-3.4786222856133695,-139.01171203374278,-5.672335984111331,15.66916619873047,29.891920852661134,-14.951456024169921,94.89,1.1931733793835624,2.911538712807296,1.25451,2.77384,2307,22
2017-04-07,170407_002918hou,094922a7-12f7-459b-92e1-2049c97c2a42,1,1,664641,621043,8,Lineout,X,63,3.924,1.627,6.99989,9.49043,FF,12,0.784,R,0,0,L,gid_2017_04_06_seamlb_houmlb_1/,"In play, out(s)",143.616,-0.370449,1,sea,0.07534962255129961,-131.59132921043897,0.30365182502649596,7.484382414373655,9.962838600145968,6.99989,9.49043,1.230645257123487,55,6.4520585514823505,-5.841239623575074,-134.9473142735284,-6.562886618845325,13.52860223388672,29.816656875610352,-14.170395805358886,92.20,-0.028750591267769243,2.4932307396934252,0.0223199,2.35004,0,00
2017-04-07,170407_002905_06,094922a7-12f7-459b-92e1-2049c97c2a42,1,1,664641,621043,8,Lineout,X,63,3.66,1.7,6.99989,9.49043,FF,,2,R,0,0,L,gid_2017_04_06_seamlb_houmlb_1/,"In play, out(s)",143.616,-0.336694,1,sea,0.07534962255129961,-131.59132921043897,0.30365182502649596,7.484382414373655,9.962838600145968,6.99989,9.49043,1.230645257123487,55,6.4520585514823505,-5.841239623575074,-134.9473142735284,-6.562886618845325,13.52860223388672,29.816656875610352,-14.170395805358886,92.20,-0.028750591267769243,2.4932307396934252,0.0223199,2.35004,2296,00
2017-04-07,170407_003010hou,43fb72f3-c500-4d3b-9bd4-5b24d12e77eb,1,1,664641,136860,9,Pop Out,X,68,3.924,1.627,6.9559,10.2323,FF,12,0.869,R,0,0,L,gid_2017_04_06_seamlb_houmlb_1/,"In play, out(s)",145.82,-0.444321,1,sea,0.07491556275879871,-132.40438503919245,0.3012813012987282,7.432858445380602,10.686992602194492,6.9559,10.2323,1.1732681878535212,55,6.441284302547132,-5.826459295585704,-135.62918860908707,-7.168742396928921,13.647724739074707,28.81185417175293,-12.55624861907959,92.69,-0.06915875178838826,2.407208808769632,-0.0173094,2.2652,0,00
2017-04-07,170407_003005_06,43fb72f3-c500-4d3b-9bd4-5b24d12e77eb,1,1,664641,136860,9,Pop Out,X,68,3.51,1.67,6.9559,10.2323,FF,,2,R,0,0,L,gid_2017_04_06_seamlb_houmlb_1/,"In play, out(s)",145.82,-0.353046,1,sea,0.07491556275879871,-132.40438503919245,0.3012813012987282,7.432858445380602,10.686992602194492,6.9559,10.2323,1.1732681878535212,55,6.441284302547132,-5.826459295585704,-135.62918860908707,-7.168742396928921,13.647724739074707,28.81185417175293,-12.55624861907959,92.69,-0.06915875178838826,2.407208808769632,-0.0173094,2.2652,2434,00
2017-04-07,170407_004347hou,4ce2ea07-c8eb-4a7d-9d93-9dec13ffdac8,3,1,664641,493329,14,Groundout,B,106,3.81814,1.90807,1.47778,1.33057,SL,3,0.924,R,0,0,L,gid_2017_04_06_seamlb_houmlb_1/,Ball,132.02,0.76139,2,sea,0.08840559439918713,-112.1297252751318,0.3567451576462311,2.2506134623646736,2.133821701429849,1.47778,1.33057,1.8559063187156852,55,6.446507541933742,-4.09859564791132,-115.0729360228232,1.6800654516234883,2.9473620567321777,22.290177154541016,-29.384586288452148,78.52,0.20465873010878138,3.7575807899599747,0.227943,3.59026,0,00
2017-04-07,170407_004343_06,4ce2ea07-c8eb-4a7d-9d93-9dec13ffdac8,3,1,664641,493329,14,Groundout,B,106,3.52,1.66,1.47778,1.33057,SL,,2,R,0,0,L,gid_2017_04_06_seamlb_houmlb_1/,Ball,132.02,1.07555,2,sea,0.08840559439918713,-112.1297252751318,0.3567451576462311,2.2506134623646736,2.133821701429849,1.47778,1.33057,1.8559063187156852,55,6.446507541933742,-4.09859564791132,-115.0729360228232,1.6800654516234883,2.9473620567321777,22.290177154541016,-29.384586288452148,78.52,0.20465873010878138,3.7575807899599747,0.227943,3.59026,329,00
2017-04-07,170407_004359hou,c73d16e5-ff76-4210-a0ed-6f30bad43875,3,2,664641,493329,14,Groundout,B,107,3.73414,1.93208,8.98875,6.51288,FT,1,0.949,R,0,1,L,gid_2017_04_06_seamlb_houmlb_1/,Ball,125.944,0.910235,2,sea,0.07543986825240975,-131.47212518369352,0.3035394358387109,9.447129104233463,7.023943993084359,8.98875,6.51288,1.5355883149306102,55,6.509639132829449,-9.07150707845144,-134.71038596901332,-2.476971629113642,17.089067092895508,28.732279586791993,-19.47327227783203,92.07,-0.7599489631889955,3.7916821532187046,-0.713255,3.65326,0,10
2017-04-07,170407_004355_06,c73d16e5-ff76-4210-a0ed-6f30bad43875,3,2,664641,493329,14,Groundout,B,107,3.52,1.66,8.98875,6.51288,FT,,2,R,0,1,L,gid_2017_04_06_seamlb_houmlb_1/,Ball,125.944,1.14329,2,sea,0.07543986825240975,-131.47212518369352,0.3035394358387109,9.447129104233463,7.023943993084359,8.98875,6.51288,1.5355883149306102,55,6.509639132829449,-9.07150707845144,-134.71038596901332,-2.476971629113642,17.089067092895508,28.732279586791993,-19.47327227783203,92.07,-0.7599489631889955,3.7916821532187046,-0.713255,3.65326,2166,10
2017-04-07,170407_004417hou,ab2ef972-24b9-4728-9419-b83598ebc01a,3,3,664641,493329,14,Groundout,X,108,3.746,1.535,6.54038,8.83982,FF,6,0.741,R,0,2,L,gid_2017_04_06_seamlb_houmlb_1/,"In play, out(s)",143.53,0.148004,2,sea,0.07545873207538906,-131.46157535051395,0.3033384349067098,7.030048501573391,9.319984488362888,6.54038,8.83982,1.517856535864999,55,6.46465075995512,-7.087005930612927,-134.6326054333384,-5.276367876945568,12.733628860473633,28.1264217376709,-15.297576858520507,91.99,-0.32866163159967776,2.9451078027777893,-0.2815,2.80412,0,20
2017-04-07,170407_004406_06,ab2ef972-24b9-4728-9419-b83598ebc01a,3,3,664641,493329,14,Groundout,X,108,3.52,1.66,6.54038,8.83982,FF,,2,R,0,2,L,gid_2017_04_06_seamlb_houmlb_1/,"In play, out(s)",143.53,0.230235,2,sea,0.07545873207538906,-131.46157535051395,0.3033384349067098,7.030048501573391,9.319984488362888,6.54038,8.83982,1.517856535864999,55,6.46465075995512,-7.087005930612927,-134.6326054333384,-5.276367876945568,12.733628860473633,28.1264217376709,-15.297576858520507,91.99,-0.32866163159967776,2.9451078027777893,-0.2815,2.80412,2150,20
2017-04-07,170407_004451hou,5f623d52-d39a-4bed-9967-6e2a15fbee13,2,1,664641,435263,15,Single,B,112,3.7691,1.98604,6.39017,8.57049,FF,2,0.749,L,0,0,L,gid_2017_04_06_seamlb_houmlb_1/,Ball,143.319,1.25348,2,sea,0.075527001024357,-131.35072351066287,0.30351394677692867,6.882451376412581,9.05483858295387,6.39017,8.57049,1.5142942892353142,55,6.508263190516954,-6.5284216442273015,-134.49514441683849,-2.4246681328994364,12.451870552062989,27.864376831054688,-15.796802474975586,91.82,-0.1245763812683558,4.129508690075855,-0.0763635,3.99509,0,00
2017-04-07,170407_004447_06,5f623d52-d39a-4bed-9967-6e2a15fbee13,2,1,664641,435263,15,Single,B,112,3.4,1.68,6.39017,8.57049,FF,,2,L,0,0,L,gid_2017_04_06_seamlb_houmlb_1/,Ball,143.319,1.69196,2,sea,0.075527001024357,-131.35072351066287,0.30351394677692867,6.882451376412581,9.05483858295387,6.39017,8.57049,1.5142942892353142,55,6.508263190516954,-6.5284216442273015,-134.49514441683849,-2.4246681328994364,12.451870552062989,27.864376831054688,-15.796802474975586,91.82,-0.1245763812683558,4.129508690075855,-0.0763635,3.99509,2090,00
2017-04-07,170407_004514hou,326f7a4c-8839-46e8-84d8-7d4d7d9a7364,2,2,664641,435263,15,Single,X,113,3.865,1.601,7.41875,9.02755,FT,17,0.51,L,0,1,L,gid_2017_04_06_seamlb_houmlb_1/,"In play, no out",140.613,-0.955514,2,sea,0.07537563423292956,-131.62314421755116,0.3027989880983283,7.895183665410833,9.503442351189719,7.41875,9.02755,1.669775458923869,55,6.445851559977757,-7.527936742811877,-134.74814027560473,-8.090799793005083,14.351660362243653,27.74697380065918,-14.90388865661621,92.18,-0.2191215311310506,1.7987465468474153,-0.171221,1.65136,0,10
2017-04-07,170407_004514_06,326f7a4c-8839-46e8-84d8-7d4d7d9a7364,2,2,664641,435263,15,Single,X,113,3.4,1.68,7.41875,9.02755,FF,,2,L,0,1,L,gid_2017_04_06_seamlb_houmlb_1/,"In play, no out",140.613,-1.0333,2,sea,0.07537563423292956,-131.62314421755116,0.3027989880983283,7.895183665410833,9.503442351189719,7.41875,9.02755,1.669775458923869,55,6.445851559977757,-7.527936742811877,-134.74814027560473,-8.090799793005083,14.351660362243653,27.74697380065918,-14.90388865661621,92.18,-0.2191215311310506,1.7987465468474153,-0.171221,1.65136,2290,10
2017-04-07,170407_004553hou,25a9010a-7dd0-4cdb-8662-46398f78df30,1,1,664641,545350,16,Flyout,X,117,3.865,1.601,6.98431,8.66919,FF,8,0.68,R,0,0,L,gid_2017_04_06_seamlb_houmlb_1/,"In play, out(s)",141.169,0.198375,2,sea,0.07505432738080016,-132.1331064552904,0.3021650299375621,7.4638765681228545,9.147117205012574,6.98431,8.66919,1.2408491617084667,55,6.497987951275341,-4.94244274692101,-135.43075910854864,-5.000977220817284,13.624632469177246,29.4110897064209,-15.481763793945312,92.46,0.36248120766070424,3.0975735746784987,0.416287,2.95756,0,00
2017-04-07,170407_004541_06,25a9010a-7dd0-4cdb-8662-46398f78df30,1,1,664641,545350,16,Flyout,X,117,3.64,1.65,6.98431,8.66919,FF,,2,R,0,0,L,gid_2017_04_06_seamlb_houmlb_1/,"In play, out(s)",141.169,0.314131,2,sea,0.07505432738080016,-132.1331064552904,0.3021650299375621,7.4638765681228545,9.147117205012574,6.98431,8.66919,1.2408491617084667,55,6.497987951275341,-4.94244274692101,-135.43075910854864,-5.000977220817284,13.624632469177246,29.4110897064209,-15.481763793945312,92.46,0.36248120766070424,3.0975735746784987,0.416287,2.95756,2181,00
2017-04-07,170407_004640hou,f440649e-710f-4e3c-9bbf-a20262241213,6,1,664641,493114,17,Walk,B,121,3.32403,1.69982,6.7272,8.93744,FF,14,0.821,L,0,0,L,gid_2017_04_06_seamlb_houmlb_1/,Ball,143.058,0.0904259,2,sea,0.07434059306450082,-133.37523140138538,0.29961216871081475,7.201012189049732,9.402601643606452,6.7272,8.93744,1.2731566875182065,55,6.478992498248044,-3.8163736407604483,-136.78329832559925,-6.115531747593243,13.369753471374512,30.69061164855957,-14.72166724395752,93.39,0.8332655262611224,2.7263012081787497,0.890252,2.58536,0,00
2017-04-07,170407_004636_06,f440649e-710f-4e3c-9bbf-a20262241213,6,1,664641,493114,17,Walk,B,121,3.11,1.41,6.7272,8.93744,FF,,2,L,0,0,L,gid_2017_04_06_seamlb_houmlb_1/,Ball,143.058,0.382775,2,sea,0.07434059306450082,-133.37523140138538,0.29961216871081475,7.201012189049732,9.402601643606452,6.7272,8.93744,1.2731566875182065,55,6.478992498248044,-3.8163736407604483,-136.78329832559925,-6.115531747593243,13.369753471374512,30.69061164855957,-14.72166724395752,93.39,0.8332655262611224,2.7263012081787497,0.890252,2.58536,2207,00
2017-04-07,170407_004703hou,2d80c03c-908b-4d9c-9738-f77c2892bbbe,6,2,664641,493114,17,Walk,S,122,3.924,1.627,6.71132,8.97033,FF,17,0.697,L,0,1,L,gid_2017_04_06_seamlb_houmlb_1/,Foul,143.224,-0.682409,2,sea,0.07549353166423393,-131.38538963332655,0.3036718082235643,7.199875710368443,9.449893181735167,6.71132,8.97033,1.1737059187596983,55,6.47619598985607,-5.592190194634707,-134.60135079441753,-7.273417338695863,13.0126215133667,28.513434219360352,-15.099832489013671,91.99,-0.02676944726818431,2.13770436864851,0.024354,1.99175,0,10
2017-04-07,170407_004655_06,2d80c03c-908b-4d9c-9738-f77c2892bbbe,6,2,664641,493114,17,Walk,S,122,3.11,1.41,6.71132,8.97033,FF,,2,L,0,1,L,gid_2017_04_06_seamlb_houmlb_1/,Foul,143.224,-0.315584,2,sea,0.07549353166423393,-131.38538963332655,0.3036718082235643,7.199875710368443,9.449893181735167,6.71132,8.97033,1.1737059187596983,55,6.47619598985607,-5.592190194634707,-134.60135079441753,-7.273417338695863,13.0126215133667,28.513434219360352,-15.099832489013671,91.99,-0.02676944726818431,2.13770436864851,0.024354,1.99175,2186,10
2017-04-07,170407_004722hou,1a2f9e77-ea2c-41a4-ae18-682bef6cd572,6,3,664641,493114,17,Walk,B,123,3.38404,1.62776,3.63168,0.382845,SL,1,0.924,L,1,1,L,gid_2017_04_06_seamlb_houmlb_1/,Ball,96.0203,1.67367,2,sea,0.08649646912643467,-114.72924890018419,0.3470060794314114,4.331147736839586,1.1560947511360125,3.63168,0.382845,1.4150316252774293,55,6.348176458858212,-5.563542439722219,-117.36651803661277,2.63612828477014,5.994839778900147,20.403300094604493,-30.578823043823242,80.13,-0.5547754882900064,4.135660076342502,-0.527415,3.97562,0,11
2017-04-07,170407_004718_06,1a2f9e77-ea2c-41a4-ae18-682bef6cd572,6,3,664641,493114,17,Walk,B,123,3.11,1.41,3.63168,0.382845,SL,,2,L,1,1,L,gid_2017_04_06_seamlb_houmlb_1/,Ball,96.0203,2.01838,2,sea,0.08649646912643467,-114.72924890018419,0.3470060794314114,4.331147736839586,1.1560947511360125,3.63168,0.382845,1.4150316252774293,55,6.348176458858212,-5.563542439722219,-117.36651803661277,2.63612828477014,5.994839778900147,20.403300094604493,-30.578823043823242,80.13,-0.5547754882900064,4.135660076342502,-0.527415,3.97562,625,11
2017-04-07,170407_004745hou,b9dc3b22-e2bb-47f1-bb94-a24d0b3309f6,6,4,664641,493114,17,Walk,S,124,3.924,1.627,6.43114,11.0753,FF,11,0.918,L,1,2,L,gid_2017_04_06_seamlb_houmlb_1/,Foul,149.888,-0.214142,2,sea,0.07492715977581645,-132.3428772178297,0.3018311689280523,6.916641029273292,11.520706037909804,6.43114,11.0753,1.2685212348835,55,6.459160610572269,-7.238078594779989,-135.6892362735881,-6.862225755502643,12.65364991760254,29.89772300720215,-11.102442695617675,92.76,-0.6431612695238171,2.6695450070842552,-0.595981,2.52956,0,21
2017-04-07,170407_004737_06,b9dc3b22-e2bb-47f1-bb94-a24d0b3309f6,6,4,664641,493114,17,Walk,S,124,3.11,1.41,6.43114,11.0753,FF,,2,L,1,2,L,gid_2017_04_06_seamlb_houmlb_1/,Foul,149.888,0.317127,2,sea,0.07492715977581645,-132.3428772178297,0.3018311689280523,6.916641029273292,11.520706037909804,6.43114,11.0753,1.2685212348835,55,6.459160610572269,-7.238078594779989,-135.6892362735881,-6.862225755502643,12.65364991760254,29.89772300720215,-11.102442695617675,92.76,-0.6431612695238171,2.6695450070842552,-0.595981,2.52956,2510,21
2017-04-07,170407_004812hou,d0f263bd-b646-4a93-8a06-33e19da4b100,6,5,664641,493114,17,Walk,B,125,3.45605,1.62776,6.64688,-1.48366,SL,21,0.901,L,2,2,L,gid_2017_04_06_seamlb_houmlb_1/,Ball,77.4106,-2.13,2,sea,0.08436217947740408,-117.64122258658617,0.33829903816421764,7.267411030555223,-0.72240358500078,6.64688,-1.48366,1.441257716156166,55,6.286517531762294,-7.10649470372044,-120.31715130868125,-4.154495857977592,10.583442321777344,21.225321578979493,-33.23102755737305,82.23,-0.7176778323255526,0.7743628195581604,-0.684968,0.594777,0,22
2017-04-07,170407_004808_06,d0f263bd-b646-4a93-8a06-33e19da4b100,6,5,664641,493114,17,Walk,B,125,3.11,1.41,6.64688,-1.48366,SL,,2,L,2,2,L,gid_2017_04_06_seamlb_houmlb_1/,Ball,77.4106,-1.95909,2,sea,0.08436217947740408,-117.64122258658617,0.33829903816421764,7.267411030555223,-0.72240358500078,6.64688,-1.48366,1.441257716156166,55,6.286517531762294,-7.10649470372044,-120.31715130868125,-4.154495857977592,10.583442321777344,21.225321578979493,-33.23102755737305,82.23,-0.7176778323255526,0.7743628195581604,-0.684968,0.594777,1197,22
2017-04-07,170407_004855hou,9aba509c-c937-40fa-a305-9936f4f67e85,6,6,664641,493114,17,Walk,B,126,3.39604,1.59173,7.4634,8.63527,FF,5,0.609,L,2,3,L,gid_2017_04_06_seamlb_houmlb_1/,Ball,139.188,0.242957,2,sea,0.07443736133818801,-133.24308117601552,0.2995019239858457,7.927539524001505,9.104194722663063,7.4634,8.63527,0.9690170958532613,55,6.406968555851548,-8.999640585397392,-136.5240115748309,-5.51884586429588,14.729497543334961,29.50290184020996,-15.263257934570312,93.36,-1.4849085916725941,2.8530433501342682,-1.43926,2.71307,0,32
2017-04-07,170407_004851_06,9aba509c-c937-40fa-a305-9936f4f67e85,6,6,664641,493114,17,Walk,B,126,3.11,1.41,7.4634,8.63527,FF,,2,L,2,3,L,gid_2017_04_06_seamlb_houmlb_1/,Ball,139.188,0.533028,2,sea,0.07443736133818801,-133.24308117601552,0.2995019239858457,7.927539524001505,9.104194722663063,7.4634,8.63527,0.9690170958532613,55,6.406968555851548,-8.999640585397392,-136.5240115748309,-5.51884586429588,14.729497543334961,29.50290184020996,-15.263257934570312,93.36,-1.4849085916725941,2.8530433501342682,-1.43926,2.71307,2258,32
2017-04-07,170407_004940hou,329fa185-31a4-4885-ad29-5417603b2781,5,1,664641,543807,18,Pop Out,S,131,4.00817,1.88411,6.83075,9.91062,FF,16,0.873,R,0,0,L,gid_2017_04_06_seamlb_houmlb_1/,Called Strike,145.452,-1.01745,2,sea,0.07452022310030572,-133.05919168360174,0.3002695708860433,7.305546055789823,10.365572351874475,6.83075,9.91062,1.1446081766978176,55,6.397406079995373,-6.455459940334174,-136.44279998192835,-7.981658921417647,13.504508605957032,30.39630584716797,-13.017946197509765,93.29,-0.36851397258995355,2.009663057783918,-0.318062,1.86558,0,00
2017-04-07,170407_004936_06,329fa185-31a4-4885-ad29-5417603b2781,5,1,664641,543807,18,Pop Out,S,131,3.65,1.7,6.83075,9.91062,FF,,2,R,0,0,L,gid_2017_04_06_seamlb_houmlb_1/,Called Strike,145.452,-0.830175,2,sea,0.07452022310030572,-133.05919168360174,0.3002695708860433,7.305546055789823,10.365572351874475,6.83075,9.91062,1.1446081766978176,55,6.397406079995373,-6.455459940334174,-136.44279998192835,-7.981658921417647,13.504508605957032,30.39630584716797,-13.017946197509765,93.29,-0.36851397258995355,2.009663057783918,-0.318062,1.86558,2371,00
2017-04-07,170407_005007hou,afd97add-ed64-4bfa-b386-24cac3f57be3,5,2,664641,543807,18,Pop Out,B,132,3.82818,1.89611,8.23157,9.04558,FF,0,0.541,R,1,0,L,gid_2017_04_06_seamlb_houmlb_1/,Ball,137.722,0.737353,2,sea,0.07444683836925756,-133.22604424510385,0.2995409646666297,8.685940538694654,9.509358046588055,8.23157,9.04558,0.9952117896202783,55,6.414508842792664,-9.606497225677401,-136.5067807206047,-3.6055341033609696,16.134412399291993,29.497410583496094,-14.51506324005127,93.34,-1.5896218780722975,3.7089867321203025,-1.54406,3.57445,0,01
2017-04-07,170407_005003_06,afd97add-ed64-4bfa-b386-24cac3f57be3,5,2,664641,543807,18,Pop Out,B,132,3.65,1.7,8.23157,9.04558,FF,,2,R,1,0,L,gid_2017_04_06_seamlb_houmlb_1/,Ball,137.722,0.922513,2,sea,0.07444683836925756,-133.22604424510385,0.2995409646666297,8.685940538694654,9.509358046588055,8.23157,9.04558,0.9952117896202783,55,6.414508842792664,-9.606497225677401,-136.5067807206047,-3.6055341033609696,16.134412399291993,29.497410583496094,-14.51506324005127,93.34,-1.5896218780722975,3.7089867321203025,-1.54406,3.57445,2419,01
2017-04-07,170407_005034hou,28fbe8f4-e3aa-4b51-8076-5d492ee3b96a,5,3,664641,543807,18,Pop Out,B,133,3.86418,1.95615,1.63229,4.30646,SL,1,0.922,R,1,1,L,gid_2017_04_06_seamlb_houmlb_1/,Ball,159.277,0.651245,2,sea,0.08561072078152959,-115.9135844233093,0.3434950606997861,2.3457876292354745,5.007673641208996,1.63229,4.30646,1.3382624807487908,55,6.324826108372703,-5.4015216224319635,-118.58611885159948,0.3254242876783592,3.3135722789764404,20.89028434753418,-25.105346633911132,80.94,-0.8399390421582045,3.688526273931735,-0.814637,3.53146,0,11
2017-04-07,170407_005029_06,28fbe8f4-e3aa-4b51-8076-5d492ee3b96a,5,3,664641,543807,18,Pop Out,B,133,3.65,1.7,1.63229,4.30646,SL,,2,R,1,1,L,gid_2017_04_06_seamlb_houmlb_1/,Ball,159.277,0.878419,2,sea,0.08561072078152959,-115.9135844233093,0.3434950606997861,2.3457876292354745,5.007673641208996,1.63229,4.30646,1.3382624807487908,55,6.324826108372703,-5.4015216224319635,-118.58611885159948,0.3254242876783592,3.3135722789764404,20.89028434753418,-25.105346633911132,80.94,-0.8399390421582045,3.688526273931735,-0.814637,3.53146,797,11
2017-04-07,170407_005112hou,d7f8ed6c-92ec-4da8-98c0-4da20a1e7b86,5,4,664641,543807,18,Pop Out,S,134,3.81618,1.90812,0.696417,5.66745,SL,5,0.919,R,1,2,L,gid_2017_04_06_seamlb_houmlb_1/,Called Strike,173.037,0.257905,2,sea,0.0870089071092761,-114.03289759235511,0.34940012718654334,1.448768626892951,6.37432900753087,0.696417,5.66745,1.3727337487454492,55,6.373389123623259,-5.590316466208121,-116.71613092307777,-0.8461291603497587,1.9778878602981567,20.638449478149415,-23.476638748168945,79.67,-1.0800194988236167,3.2699015600744143,-1.06003,3.1082,0,21
2017-04-07,170407_005108_06,d7f8ed6c-92ec-4da8-98c0-4da20a1e7b86,5,4,664641,543807,18,Pop Out,S,134,3.65,1.7,0.696417,5.66745,SL,,2,R,1,2,L,gid_2017_04_06_seamlb_houmlb_1/,Called Strike,173.037,0.444305,2,sea,0.0870089071092761,-114.03289759235511,0.34940012718654334,1.448768626892951,6.37432900753087,0.696417,5.66745,1.3727337487454492,55,6.373389123623259,-5.590316466208121,-116.71613092307777,-0.8461291603497587,1.9778878602981567,20.638449478149415,-23.476638748168945,79.67,-1.0800194988236167,3.2699015600744143,-1.06003,3.1082,970,21
2017-04-07,170407_005147hou,28d4f49b-5b46-4af5-8ff6-06eb0359038c,5,5,664641,543807,18,Pop Out,X,135,3.66,1.487,-0.194993,6.11669,SL,7,0.918,R,2,2,L,gid_2017_04_06_seamlb_houmlb_1/,"In play, out(s)",181.781,0.386151,2,sea,0.08591734939020117,-115.46291055132602,0.3453171218431188,0.5526264806848872,6.799406667050527,-0.194993,6.11669,1.3831850923141917,55,6.305276789847425,-3.33507147678221,-118.23603666188396,-1.2851288852485396,0.7724034700393676,21.602555084228516,-22.67550082397461,80.65,-0.10993124502897712,3.1526028515528894,-0.0826574,2.99305,0,22
2017-04-07,170407_005132_06,28d4f49b-5b46-4af5-8ff6-06eb0359038c,5,5,664641,543807,18,Pop Out,X,135,3.65,1.7,-0.194993,6.11669,SL,,2,R,2,2,L,gid_2017_04_06_seamlb_houmlb_1/,"In play, out(s)",181.781,0.326209,2,sea,0.08591734939020117,-115.46291055132602,0.3453171218431188,0.5526264806848872,6.799406667050527,-0.194993,6.11669,1.3831850923141917,55,6.305276789847425,-3.33507147678221,-118.23603666188396,-1.2851288852485396,0.7724034700393676,21.602555084228516,-22.67550082397461,80.65,-0.10993124502897712,3.1526028515528894,-0.0826574,2.99305,1051,22
2017-04-07,170407_010121hou,9637c965-aa7f-4059-82a8-b3399044aca2,1,1,664641,503556,23,Home Run,X,168,3.865,1.601,6.59352,10.5959,FF,12,0.876,R,0,0,L,gid_2017_04_06_seamlb_houmlb_1/,"In play, run(s)",148.137,-0.359844,3,sea,0.07582475983652208,-130.8088796531395,0.3050364480612525,7.088463278093869,11.059165494234572,6.59352,10.5959,1.625707615200622,55,6.428552517987106,-6.656319840646447,-134.01845368886322,-6.879880773879131,12.696890464782715,28.332764434814454,-12.369768096923828,91.61,-0.047832749172397104,2.4683172338840236,-0.000122715,2.32566,0,00
2017-04-07,170407_010110_06,9637c965-aa7f-4059-82a8-b3399044aca2,1,1,664641,503556,23,Home Run,X,168,3.64,1.7,6.59352,10.5959,FF,,2,R,0,0,L,gid_2017_04_06_seamlb_houmlb_1/,"In play, run(s)",148.137,-0.354994,3,sea,0.07582475983652208,-130.8088796531395,0.3050364480612525,7.088463278093869,11.059165494234572,6.59352,10.5959,1.625707615200622,55,6.428552517987106,-6.656319840646447,-134.01845368886322,-6.879880773879131,12.696890464782715,28.332764434814454,-12.369768096923828,91.61,-0.047832749172397104,2.4683172338840236,-0.000122715,2.32566,2424,00
2017-04-07,170407_010203hou,fff9dab6-1a10-47e6-adb3-40e9cae54f62,5,1,664641,514888,24,Strikeout,S,173,3.479,1.448,7.96699,6.65243,SL,8,0.578,R,0,0,L,gid_2017_04_06_seamlb_houmlb_1/,Swinging Strike,129.882,0.118125,3,sea,0.08405534344962919,-118.01148751207904,0.3379744046264413,8.567096886217838,7.296567490863532,7.96699,6.65243,1.9738092069226878,55,6.256232879473798,-6.436333851425324,-120.87335061671733,-2.5917059265559934,12.500137916564942,22.788523483276368,-21.532674743652343,82.55,0.33324958333430743,2.7413303637147703,0.370917,2.58346,0,00
2017-04-07,170407_010158_06,fff9dab6-1a10-47e6-adb3-40e9cae54f62,5,1,664641,514888,24,Strikeout,S,173,2.88,1.28,7.96699,6.65243,SL,,2,R,0,0,L,gid_2017_04_06_seamlb_houmlb_1/,Swinging Strike,129.882,0.629319,3,sea,0.08405534344962919,-118.01148751207904,0.3379744046264413,8.567096886217838,7.296567490863532,7.96699,6.65243,1.9738092069226878,55,6.256232879473798,-6.436333851425324,-120.87335061671733,-2.5917059265559934,12.500137916564942,22.788523483276368,-21.532674743652343,82.55,0.33324958333430743,2.7413303637147703,0.370917,2.58346,1820,00
2017-04-07,170407_010218hou,b87c24ae-2a3c-45ff-8e8c-626350f1b670,5,2,664641,514888,24,Strikeout,S,174,3.14316,1.58093,2.10003,0.85265,SL,11,0.924,R,1,0,L,gid_2017_04_06_seamlb_houmlb_1/,Called Strike,112.108,-0.212596,3,sea,0.0875418059526599,-113.34506496330509,0.3514350611716718,2.8406769623836747,1.6389584525722303,2.10003,0.85265,1.9703037555792635,55,6.296559182481199,-6.602218248790982,-115.99312746871934,-0.9176076157712809,3.8333672199249267,20.243395614624024,-29.967298461914062,79.22,-0.7678295763762863,2.369475557458655,-0.749173,2.19599,0,01
2017-04-07,170407_010214_06,b87c24ae-2a3c-45ff-8e8c-626350f1b670,5,2,664641,514888,24,Strikeout,S,174,2.88,1.28,2.10003,0.85265,SL,,2,R,1,0,L,gid_2017_04_06_seamlb_houmlb_1/,Called Strike,112.108,0.144983,3,sea,0.0875418059526599,-113.34506496330509,0.3514350611716718,2.8406769623836747,1.6389584525722303,2.10003,0.85265,1.9703037555792635,55,6.296559182481199,-6.602218248790982,-115.99312746871934,-0.9176076157712809,3.8333672199249267,20.243395614624024,-29.967298461914062,79.22,-0.7678295763762863,2.369475557458655,-0.749173,2.19599,383,01
2017-04-07,170407_010234hou,5da8a3b7-3a67-40a6-9e2f-f62728d2fb99,5,3,664641,514888,24,Strikeout,B,175,3.15517,1.44883,7.02939,8.72291,FF,4,0.831,R,2,0,L,gid_2017_04_06_seamlb_houmlb_1/,Ball,141.162,2.54637,3,sea,0.07413005179681978,-133.74950931909663,0.29881830856548686,7.496511202875632,9.1879943324658,7.02939,8.72291,1.465709935871848,55,6.445088603476066,-4.713210447375124,-137.18073066977024,-1.4180461386075534,13.99244271850586,30.987387466430665,-15.029357864379882,93.59,0.7088943777475596,4.60391770993491,0.764507,4.47448,0,02
2017-04-07,170407_010230_06,5da8a3b7-3a67-40a6-9e2f-f62728d2fb99,5,3,664641,514888,24,Strikeout,B,175,2.88,1.28,7.02939,8.72291,FF,,2,R,2,0,L,gid_2017_04_06_seamlb_houmlb_1/,Ball,141.162,2.9931,3,sea,0.07413005179681978,-133.74950931909663,0.29881830856548686,7.496511202875632,9.1879943324658,7.02939,8.72291,1.465709935871848,55,6.445088603476066,-4.713210447375124,-137.18073066977024,-1.4180461386075534,13.99244271850586,30.987387466430665,-15.029357864379882,93.59,0.7088943777475596,4.60391770993491,0.764507,4.47448,2216,02
2017-04-07,170407_010259hou,0b361d4d-3666-4983-96dc-9cf6b4e9a50a,5,4,664641,514888,24,Strikeout,S,176,3.479,1.448,6.12589,9.12735,FF,6,0.879,R,2,1,L,gid_2017_04_06_seamlb_houmlb_1/,Foul,146.161,0.293277,3,sea,0.07435548202730492,-133.4083201920682,0.29894937820415146,6.605385043389793,9.588096124570068,6.12589,9.12735,1.1501855174728863,55,6.367375750321543,-7.116506532832503,-136.63776269241433,-5.524536175439208,12.31832276916504,29.069943237304688,-14.298246337890625,93.36,-0.7323073985880184,2.900105860167971,-0.684319,2.76132,0,12
2017-04-07,170407_010250_06,0b361d4d-3666-4983-96dc-9cf6b4e9a50a,5,4,664641,514888,24,Strikeout,S,176,2.88,1.28,6.12589,9.12735,FF,,2,R,2,1,L,gid_2017_04_06_seamlb_houmlb_1/,Foul,146.161,0.851653,3,sea,0.07435548202730492,-133.4083201920682,0.29894937820415146,6.605385043389793,9.588096124570068,6.12589,9.12735,1.1501855174728863,55,6.367375750321543,-7.116506532832503,-136.63776269241433,-5.524536175439208,12.31832276916504,29.069943237304688,-14.298246337890625,93.36,-0.7323073985880184,2.900105860167971,-0.684319,2.76132,2180,12
2017-04-07,170407_010314hou,6ec1b3b5-80ea-4d9d-b568-17c7c44a54c3,5,5,664641,514888,24,Strikeout,S,177,3.479,1.448,4.89405,2.69858,SL,20,0.919,R,2,1,L,gid_2017_04_06_seamlb_houmlb_1/,Swinging Strike (Blocked),118.887,-2.56962,3,sea,0.08448535869246394,-117.49171539857147,0.33845486067886693,5.54017380951286,3.4012151465724934,4.89405,2.69858,1.6962012766687475,55,6.249740679122684,-7.503570400850931,-120.09818519871662,-7.047923472569815,8.060660472869873,20.642363357543946,-27.230411483764648,82.19,-0.9204483765036463,0.034029352789815004,-0.892645,-0.14595,0,12
2017-04-07,170407_010310_06,6ec1b3b5-80ea-4d9d-b568-17c7c44a54c3,5,5,664641,514888,24,Strikeout,S,177,2.88,1.28,4.89405,2.69858,SL,,2,R,2,1,L,gid_2017_04_06_seamlb_houmlb_1/,Swinging Strike (Blocked),118.887,-2.78244,3,sea,0.08448535869246394,-117.49171539857147,0.33845486067886693,5.54017380951286,3.4012151465724934,4.89405,2.69858,1.6962012766687475,55,6.249740679122684,-7.503570400850931,-120.09818519871662,-7.047923472569815,8.060660472869873,20.642363357543946,-27.230411483764648,82.19,-0.9204483765036463,0.034029352789815004,-0.892645,-0.14595,983,12
2017-04-07,170407_010411hou,4822f8e1-f066-49ac-8739-ea1a72d76bf3,5,1,664641,621043,25,Groundout,B,181,3.80326,1.84513,-0.64984,3.22686,SL,20,0.919,R,0,0,L,gid_2017_04_06_seamlb_houmlb_1/,Ball,191.346,-2.84844,3,sea,0.08579641112412764,-115.63571967748744,0.3446703114716469,0.10155419130022315,3.9486074027978386,-0.64984,3.22686,1.8455356477281686,55,6.156444220960319,-6.455228988200315,-118.38282913611107,-6.263513461181548,0.14247505998611443,21.429152297973634,-26.639316513061523,80.95,-1.190969507661651,0.21640775284365876,-1.17431,0.0353857,0,00
2017-04-07,170407_010406_06,4822f8e1-f066-49ac-8739-ea1a72d76bf3,5,1,664641,621043,25,Groundout,B,181,3.66,1.7,-0.64984,3.22686,SL,,2,R,0,0,L,gid_2017_04_06_seamlb_houmlb_1/,Ball,191.346,-2.69859,3,sea,0.08579641112412764,-115.63571967748744,0.3446703114716469,0.10155419130022315,3.9486074027978386,-0.64984,3.22686,1.8455356477281686,55,6.156444220960319,-6.455228988200315,-118.38282913611107,-6.263513461181548,0.14247505998611443,21.429152297973634,-26.639316513061523,80.95,-1.190969507661651,0.21640775284365876,-1.17431,0.0353857,566,00
2017-04-07,170407_010430hou,3cd609d5-c9ac-4648-ad87-6f2d3d499023,5,2,664641,621043,25,Groundout,B,182,3.70726,1.96521,9.427,6.55789,FS,20,0.921,R,0,1,L,gid_2017_04_06_seamlb_houmlb_1/,Ball,124.842,-3.32513,3,sea,0.08241888374022399,-120.46393886934533,0.3297923914294202,9.975731773757275,7.170483708654704,9.427,6.55789,2.0333214634066006,55,6.113903244971404,-12.205697896278862,-123.05720256008566,-8.454286159398384,15.286647430419922,21.050484466552735,-21.191068603515625,84.51,-1.9272860450658813,0.11013677704891522,-1.90017,-0.0600377,0,10
2017-04-07,170407_010426_06,3cd609d5-c9ac-4648-ad87-6f2d3d499023,5,2,664641,621043,25,Groundout,B,182,3.66,1.7,9.427,6.55789,FS,,2,R,0,1,L,gid_2017_04_06_seamlb_houmlb_1/,Ball,124.842,-2.79596,3,sea,0.08241888374022399,-120.46393886934533,0.3297923914294202,9.975731773757275,7.170483708654704,9.427,6.55789,2.0333214634066006,55,6.113903244971404,-12.205697896278862,-123.05720256008566,-8.454286159398384,15.286647430419922,21.050484466552735,-21.191068603515625,84.51,-1.9272860450658813,0.11013677704891522,-1.90017,-0.0600377,2076,10
2017-04-07,170407_010453hou,eaf2d899-3fd1-4e8d-9992-b5accb6a75c3,5,3,664641,621043,25,Groundout,S,183,3.479,1.448,1.71485,8.96584,SL,17,0.917,R,0,2,L,gid_2017_04_06_seamlb_houmlb_1/,Foul,169.212,-0.367459,3,sea,0.08533402811321632,-116.21035877440306,0.3436371407380049,2.427631384113187,9.60001114416656,1.71485,8.96584,1.7451441436115647,55,6.343523113794045,-4.5491817189369606,-119.12692160714087,-4.2956216457128935,3.4263466510772704,22.879198837280274,-18.629592849731445,81.33,-0.017793227497420128,2.2524348492932287,0.0103751,2.09035,0,20
2017-04-07,170407_010447_06,eaf2d899-3fd1-4e8d-9992-b5accb6a75c3,5,3,664641,621043,25,Groundout,S,183,3.66,1.7,1.71485,8.96584,SL,,2,R,0,2,L,gid_2017_04_06_seamlb_houmlb_1/,Foul,169.212,-0.601688,3,sea,0.08533402811321632,-116.21035877440306,0.3436371407380049,2.427631384113187,9.60001114416656,1.71485,8.96584,1.7451441436115647,55,6.343523113794045,-4.5491817189369606,-119.12692160714087,-4.2956216457128935,3.4263466510772704,22.879198837280274,-18.629592849731445,81.33,-0.017793227497420128,2.2524348492932287,0.0103751,2.09035,1571,20
2017-04-07,170407_010528hou,4411e812-d663-4a7a-9cd7-b2dcf6bae7a8,5,4,664641,621043,25,Groundout,B,184,3.68325,1.94119,8.37995,10.4168,FS,22,0.894,R,1,2,L,gid_2017_04_06_seamlb_houmlb_1/,Ball,141.21,-2.61151,3,sea,0.08282301862333719,-119.76359217282987,0.3330760257222617,8.955036329721187,10.987853285248653,8.37995,10.4168,2.2297532471631696,55,6.181749625451996,-7.758890969537666,-122.6793170588383,-8.415784192462187,13.45331632232666,23.563227462768555,-15.671745254516601,84.01,0.0890965076931649,0.7021267702543301,0.125742,0.537517,0,21
2017-04-07,170407_010523_06,4411e812-d663-4a7a-9cd7-b2dcf6bae7a8,5,4,664641,621043,25,Groundout,B,184,3.66,1.7,8.37995,10.4168,FS,,2,R,1,2,L,gid_2017_04_06_seamlb_houmlb_1/,Ball,141.21,-2.18621,3,sea,0.08282301862333719,-119.76359217282987,0.3330760257222617,8.955036329721187,10.987853285248653,8.37995,10.4168,2.2297532471631696,55,6.181749625451996,-7.758890969537666,-122.6793170588383,-8.415784192462187,13.45331632232666,23.563227462768555,-15.671745254516601,84.01,0.0890965076931649,0.7021267702543301,0.125742,0.537517,2378,21
2017-04-07,170407_010550hou,b93ef8c4-7333-40b1-99b0-62f6f334e46c,5,5,664641,621043,25,Groundout,X,185,3.479,1.448,5.65695,9.22885,FF,12,0.882,R,1,3,L,gid_2017_04_06_seamlb_houmlb_1/,"In play, out(s)",148.523,0.25645,3,sea,0.07497227373500118,-132.30957604935247,0.3014439367462864,6.151317107666998,9.697143924094567,5.65695,9.22885,1.5386281857022068,55,6.440557370832741,-6.584727411720748,-135.5160311855176,-5.674564554020591,11.282458892822266,28.625693130493165,-14.392950965881347,92.59,-0.21951901396627427,2.8641851501902824,-0.172032,2.72393,0,31
2017-04-07,170407_010541_06,b93ef8c4-7333-40b1-99b0-62f6f334e46c,5,5,664641,621043,25,Groundout,X,185,3.66,1.7,5.65695,9.22885,FF,,2,R,1,3,L,gid_2017_04_06_seamlb_houmlb_1/,"In play, out(s)",148.523,0.0448215,3,sea,0.07497227373500118,-132.30957604935247,0.3014439367462864,6.151317107666998,9.697143924094567,5.65695,9.22885,1.5386281857022068,55,6.440557370832741,-6.584727411720748,-135.5160311855176,-5.674564554020591,11.282458892822266,28.625693130493165,-14.392950965881347,92.59,-0.21951901396627427,2.8641851501902824,-0.172032,2.72393,2129,31
2017-04-07,170407_010620hou,2b1baa14-e136-41fb-9042-e2aef3c452aa,4,1,664641,136860,26,Strikeout,S,189,3.72613,1.90203,7.28052,8.81552,FF,17,0.614,R,0,0,L,gid_2017_04_06_seamlb_houmlb_1/,Called Strike,140.473,-0.793293,3,sea,0.07479901069003425,-132.5914924287302,0.3010470281266635,7.752362531210602,9.287587812721604,7.28052,8.81552,1.5271156688687246,55,6.468185051475555,-6.460081754742772,-135.87847883373192,-7.13868284878216,14.256539932250977,29.415238189697266,-15.099191619873046,92.88,0.07508500779299565,2.2350080857101604,0.126063,2.09055,0,00
2017-04-07,170407_010615_06,2b1baa14-e136-41fb-9042-e2aef3c452aa,4,1,664641,136860,26,Strikeout,S,189,3.51,1.67,7.28052,8.81552,FF,,2,R,0,0,L,gid_2017_04_06_seamlb_houmlb_1/,Called Strike,140.473,-0.542876,3,sea,0.07479901069003425,-132.5914924287302,0.3010470281266635,7.752362531210602,9.287587812721604,7.28052,8.81552,1.5271156688687246,55,6.468185051475555,-6.460081754742772,-135.87847883373192,-7.13868284878216,14.256539932250977,29.415238189697266,-15.099191619873046,92.88,0.07508500779299565,2.2350080857101604,0.126063,2.09055,2249,00
2017-04-07,170407_010632hou,b8bcf463-4624-4796-8fb8-f59f4db11171,4,2,664641,136860,26,Strikeout,B,190,3.67812,1.92604,-0.0308474,2.04464,SL,20,0.921,R,1,0,L,gid_2017_04_06_seamlb_houmlb_1/,Ball,180.819,-2.89821,3,sea,0.08441855312764908,-117.57120315581392,0.338393983007826,0.6848226438464208,2.7562646651044274,-0.0308474,2.04464,1.8339494325357748,55,6.122559123406419,-7.73140772029143,-120.21991356305617,-5.689209641281002,0.9967393342256545,20.99466018676758,-28.16733737182617,82.23,-1.650139862928935,0.4402470279132866,-1.63312,0.263133,0,01
2017-04-07,170407_010628_06,b8bcf463-4624-4796-8fb8-f59f4db11171,4,2,664641,136860,26,Strikeout,B,190,3.51,1.67,-0.0308474,2.04464,SL,,2,R,1,0,L,gid_2017_04_06_seamlb_houmlb_1/,Ball,180.819,-2.5292,3,sea,0.08441855312764908,-117.57120315581392,0.338393983007826,0.6848226438464208,2.7562646651044274,-0.0308474,2.04464,1.8339494325357748,55,6.122559123406419,-7.73140772029143,-120.21991356305617,-5.689209641281002,0.9967393342256545,20.99466018676758,-28.16733737182617,82.23,-1.650139862928935,0.4402470279132866,-1.63312,0.263133,359,01
2017-04-07,170407_010653hou,6d6b3622-24db-47b6-b94e-9fbed65ebcf7,4,3,664641,136860,26,Strikeout,S,191,3.786,1.565,3.43194,-0.175098,SL,12,0.924,R,1,1,L,gid_2017_04_06_seamlb_houmlb_1/,Foul,87.0772,-0.0214985,3,sea,0.08631374670158254,-115.07143018255702,0.3446888653411243,4.124865969182845,0.5958412814777598,3.43194,-0.175098,1.817231880674453,55,6.273256308404314,-5.926335949116342,-117.41846960470737,0.13310122766202626,5.786341777801514,18.18876533508301,-31.343156768798828,80.16,-0.3409453339514289,2.819386176761672,-0.314177,2.65163,0,11
2017-04-07,170407_010648_06,6d6b3622-24db-47b6-b94e-9fbed65ebcf7,4,3,664641,136860,26,Strikeout,S,191,3.51,1.67,3.43194,-0.175098,SL,,2,R,1,1,L,gid_2017_04_06_seamlb_houmlb_1/,Foul,87.0772,0.0669847,3,sea,0.08631374670158254,-115.07143018255702,0.3446888653411243,4.124865969182845,0.5958412814777598,3.43194,-0.175098,1.817231880674453,55,6.273256308404314,-5.926335949116342,-117.41846960470737,0.13310122766202626,5.786341777801514,18.18876533508301,-31.343156768798828,80.16,-0.3409453339514289,2.819386176761672,-0.314177,2.65163,596,11
2017-04-07,170407_010717hou,2b8f057d-6230-4f75-a269-daba475531ee,4,4,664641,136860,26,Strikeout,S,192,3.786,1.565,7.12891,8.6246,FF,2,0.79,R,2,1,L,gid_2017_04_06_seamlb_houmlb_1/,Swinging Strike,140.449,1.09261,3,sea,0.07389584672517395,-134.2473760645495,0.29699151910340843,7.5887826445686715,9.084932668076055,7.12891,8.6246,1.3038901611141445,55,6.402341059012426,-6.816157981916431,-137.46937131631117,-2.7873602831005173,14.339459053039551,29.182335662841798,-15.012475921630859,93.86,-0.2830164749028057,4.020942606495088,-0.231729,3.88884,0,12
2017-04-07,170407_010713_06,2b8f057d-6230-4f75-a269-daba475531ee,4,4,664641,136860,26,Strikeout,S,192,3.51,1.67,7.12891,8.6246,FF,,2,R,2,1,L,gid_2017_04_06_seamlb_houmlb_1/,Swinging Strike,140.449,1.41178,3,sea,0.07389584672517395,-134.2473760645495,0.29699151910340843,7.5887826445686715,9.084932668076055,7.12891,8.6246,1.3038901611141445,55,6.402341059012426,-6.816157981916431,-137.46937131631117,-2.7873602831005173,14.339459053039551,29.182335662841798,-15.012475921630859,93.86,-0.2830164749028057,4.020942606495088,-0.231729,3.88884,2235,12
2017-04-07,170407_011511hou,382bc73c-a545-4463-90d3-e1e4a5b1bd96,2,1,664641,493329,30,Flyout,S,218,3.746,1.535,5.92096,10.2812,FF,6,0.907,R,0,0,L,gid_2017_04_06_seamlb_houmlb_1/,Foul,150.093,0.194769,4,sea,0.07524095454768394,-131.78296852510772,0.3031941900335312,6.417912679555383,10.74168712747167,5.92096,10.2812,1.4077270289261474,55,6.46075301586192,-7.214158422872546,-135.13908075664568,-5.699453878844027,11.635922065734864,29.860678482055665,-12.703908874511718,92.35,-0.5855409935381193,2.9951065197395192,-0.539777,2.85582,0,00
2017-04-07,170407_011511_06,382bc73c-a545-4463-90d3-e1e4a5b1bd96,2,1,664641,493329,30,Flyout,S,218,3.52,1.66,5.92096,10.2812,FF,,2,R,0,0,L,gid_2017_04_06_seamlb_houmlb_1/,Foul,150.093,0.285825,4,sea,0.07524095454768394,-131.78296852510772,0.3031941900335312,6.417912679555383,10.74168712747167,5.92096,10.2812,1.4077270289261474,55,6.46075301586192,-7.214158422872546,-135.13908075664568,-5.699453878844027,11.635922065734864,29.860678482055665,-12.703908874511718,92.35,-0.5855409935381193,2.9951065197395192,-0.539777,2.85582,2314,00
2017-04-07,170407_011542hou,93301c0a-f8d3-440d-8c06-fd9e0ceb53b8,2,2,664641,493329,30,Flyout,X,219,3.746,1.535,7.77436,9.08908,FT,16,0.546,R,1,0,L,gid_2017_04_06_seamlb_houmlb_1/,"In play, out(s)",139.483,-0.462556,4,sea,0.07507781625014145,-132.16278979538103,0.3013885210070751,8.241350376840607,9.559231803810018,7.77436,9.08908,1.2554535926893362,55,6.460117812368056,-7.785141756157622,-135.2480112396439,-7.096657133679422,15.121459594726563,27.50071792602539,-14.639454795837402,92.49,-0.6710634081969467,2.273149631825805,-0.622606,2.12914,0,01
2017-04-07,170407_011524_06,93301c0a-f8d3-440d-8c06-fd9e0ceb53b8,2,2,664641,493329,30,Flyout,X,219,3.52,1.66,7.77436,9.08908,FF,,2,R,1,0,L,gid_2017_04_06_seamlb_houmlb_1/,"In play, out(s)",139.483,-0.495543,4,sea,0.07507781625014145,-132.16278979538103,0.3013885210070751,8.241350376840607,9.559231803810018,7.77436,9.08908,1.2554535926893362,55,6.460117812368056,-7.785141756157622,-135.2480112396439,-7.096657133679422,15.121459594726563,27.50071792602539,-14.639454795837402,92.49,-0.6710634081969467,2.273149631825805,-0.622606,2.12914,2357,01
2017-04-07,170407_011608hou,6ba094ff-c9bf-4a21-8288-cca9aa5adb3e,5,1,664641,435263,31,Flyout,B,223,3.54213,1.64388,0.642538,2.3917,SL,20,0.924,L,0,0,L,gid_2017_04_06_seamlb_houmlb_1/,Ball,165,-2.09735,4,sea,0.08851940176697667,-112.05338219615386,0.3560390146733741,1.4247638616243696,3.1760581936808796,0.642538,2.3917,2.1810278161211243,55,6.172952664141885,-7.30548742328953,-114.79101938424915,-4.193946453518286,1.873253098487854,20.700588989257813,-28.003177597045898,78.48,-1.1628199678195217,0.7868200560926106,-1.15192,0.602357,0,00
2017-04-07,170407_011604_06,6ba094ff-c9bf-4a21-8288-cca9aa5adb3e,5,1,664641,435263,31,Flyout,B,223,3.4,1.68,0.642538,2.3917,SL,,2,L,0,0,L,gid_2017_04_06_seamlb_houmlb_1/,Ball,165,-2.25307,4,sea,0.08851940176697667,-112.05338219615386,0.3560390146733741,1.4247638616243696,3.1760581936808796,0.642538,2.3917,2.1810278161211243,55,6.172952664141885,-7.30548742328953,-114.79101938424915,-4.193946453518286,1.873253098487854,20.700588989257813,-28.003177597045898,78.48,-1.1628199678195217,0.7868200560926106,-1.15192,0.602357,412,00
2017-04-07,170407_011624hou,7ff5e36a-540c-4059-8063-823f561505d7,5,2,664641,435263,31,Flyout,S,224,3.746,1.535,6.45328,9.15115,FF,13,0.809,L,0,1,L,gid_2017_04_06_seamlb_houmlb_1/,Swinging Strike,144.837,-0.174815,4,sea,0.07540073795673986,-131.503583886272,0.3038395621515215,6.945588408494943,9.628679023024542,6.45328,9.15115,1.6273033233266043,55,6.428861004890453,-5.459121676405517,-134.8529422370212,-6.1364234692558375,12.539180389404297,29.737448501586915,-14.795916511535644,92.12,0.44118667838845727,2.5900957747347606,0.492126,2.44724,0,10
2017-04-07,170407_011619_06,7ff5e36a-540c-4059-8063-823f561505d7,5,2,664641,435263,31,Flyout,S,224,3.4,1.68,6.45328,9.15115,FF,,2,L,0,1,L,gid_2017_04_06_seamlb_houmlb_1/,Swinging Strike,144.837,-0.107858,4,sea,0.07540073795673986,-131.503583886272,0.3038395621515215,6.945588408494943,9.628679023024542,6.45328,9.15115,1.6273033233266043,55,6.428861004890453,-5.459121676405517,-134.8529422370212,-6.1364234692558375,12.539180389404297,29.737448501586915,-14.795916511535644,92.12,0.44118667838845727,2.5900957747347606,0.492126,2.44724,2179,10
2017-04-07,170407_011656hou,4b4139c0-589b-4b98-b556-2f5dc917ac52,5,3,664641,435263,31,Flyout,B,225,3.56613,1.79999,-1.32813,1.94157,SL,10,0.921,L,1,1,L,gid_2017_04_06_seamlb_houmlb_1/,Ball,214.346,-0.352894,4,sea,0.08564622577322349,-115.86111831242813,0.3437074846748058,-0.571150758666872,2.6776999717131345,-1.32813,1.94157,1.8229611381922513,55,6.213088981261689,-6.280296002488126,-118.54568648595998,-1.0930254839387032,-0.8057893600463868,20.976034927368165,-28.401254608154296,80.94,-1.2290126554766336,2.538044296488408,-1.21275,2.37143,0,11
2017-04-07,170407_011652_06,4b4139c0-589b-4b98-b556-2f5dc917ac52,5,3,664641,435263,31,Flyout,B,225,3.4,1.68,-1.32813,1.94157,SL,,2,L,1,1,L,gid_2017_04_06_seamlb_houmlb_1/,Ball,214.346,-0.19601,4,sea,0.08564622577322349,-115.86111831242813,0.3437074846748058,-0.571150758666872,2.6776999717131345,-1.32813,1.94157,1.8229611381922513,55,6.213088981261689,-6.280296002488126,-118.54568648595998,-1.0930254839387032,-0.8057893600463868,20.976034927368165,-28.401254608154296,80.94,-1.2290126554766336,2.538044296488408,-1.21275,2.37143,406,11
2017-04-07,170407_011710hou,efc543c3-430f-4a9b-9621-7f1eece1d3e5,5,4,664641,435263,31,Flyout,S,226,3.61413,1.75196,2.97098,1.96147,SL,7,0.924,L,1,2,L,gid_2017_04_06_seamlb_houmlb_1/,Called Strike,123.45,0.10403,4,sea,0.08687237798545082,-114.1726374314895,0.34949965081989115,3.690450797905429,2.7227972396342035,2.97098,1.96147,1.8732080469035912,55,6.273335243799001,-5.4392460313500655,-116.9775891073323,-0.11883982045959796,5.035408130645752,21.61217384338379,-28.46389956665039,79.84,-0.15538051615105097,2.947135240234536,-0.130105,2.77991,0,21
2017-04-07,170407_011706_06,efc543c3-430f-4a9b-9621-7f1eece1d3e5,5,4,664641,435263,31,Flyout,S,226,3.4,1.68,2.97098,1.96147,SL,,2,L,1,2,L,gid_2017_04_06_seamlb_houmlb_1/,Called Strike,123.45,0.278963,4,sea,0.08687237798545082,-114.1726374314895,0.34949965081989115,3.690450797905429,2.7227972396342035,2.97098,1.96147,1.8732080469035912,55,6.273335243799001,-5.4392460313500655,-116.9775891073323,-0.11883982045959796,5.035408130645752,21.61217384338379,-28.46389956665039,79.84,-0.15538051615105097,2.947135240234536,-0.130105,2.77991,603,21
2017-04-07,170407_011740hou,56530935-5a17-4559-8140-49439796f117,5,5,664641,435263,31,Flyout,X,227,3.746,1.535,3.64331,-0.495256,SL,17,0.923,L,2,2,L,gid_2017_04_06_seamlb_houmlb_1/,"In play, out(s)",82.2544,-0.630287,4,sea,0.08569066854936325,-115.83190937464853,0.3433968750815485,4.3275757069145655,0.2745329701778957,3.64331,-0.495256,1.7077144458381066,55,6.284809550142906,-5.406008057072314,-118.42312568007134,-1.3482768069033786,6.116468540191651,20.233515548706055,-31.790983154296875,80.83,-0.16123291892439762,2.1159984099855085,-0.131735,1.94372,0,22
2017-04-07,170407_011722_06,56530935-5a17-4559-8140-49439796f117,5,5,664641,435263,31,Flyout,X,227,3.4,1.68,3.64331,-0.495256,SL,,2,L,2,2,L,gid_2017_04_06_seamlb_houmlb_1/,"In play, out(s)",82.2544,-0.693351,4,sea,0.08569066854936325,-115.83190937464853,0.3433968750815485,4.3275757069145655,0.2745329701778957,3.64331,-0.495256,1.7077144458381066,55,6.284809550142906,-5.406008057072314,-118.42312568007134,-1.3482768069033786,6.116468540191651,20.233515548706055,-31.790983154296875,80.83,-0.16123291892439762,2.1159984099855085,-0.131735,1.94372,637,22
2017-04-07,170407_011807hou,23fc786d-baee-4f5f-8244-b755eec02aa1,6,1,664641,545350,32,Strikeout,B,231,3.80408,1.71183,6.42987,8.9973,FF,2,0.846,R,0,0,L,gid_2017_04_06_seamlb_houmlb_1/,Ball,144.476,1.67645,4,sea,0.07539639887015151,-131.4669539311047,0.3043753831980766,6.924186915344866,9.478482325754413,6.42987,8.9973,1.495603971182506,55,6.447187695190255,-6.747400850314346,-134.94798495088781,-1.1738853176704613,12.456570259094239,30.913288879394532,-15.127267791748046,92.13,-0.23499921724831907,4.642602273174574,-0.187535,4.51173,0,00
2017-04-07,170407_011807_06,23fc786d-baee-4f5f-8244-b755eec02aa1,6,1,664641,545350,32,Strikeout,B,231,3.64,1.65,6.42987,8.9973,FF,,2,R,0,0,L,gid_2017_04_06_seamlb_houmlb_1/,Ball,144.476,1.87611,4,sea,0.07539639887015151,-131.4669539311047,0.3043753831980766,6.924186915344866,9.478482325754413,6.42987,8.9973,1.495603971182506,55,6.447187695190255,-6.747400850314346,-134.94798495088781,-1.1738853176704613,12.456570259094239,30.913288879394532,-15.127267791748046,92.13,-0.23499921724831907,4.642602273174574,-0.187535,4.51173,2144,00
2017-04-07,170407_011820hou,0fe20bf2-9184-48d5-b213-77ac3f26c31b,6,2,664641,545350,32,Strikeout,B,232,3.90008,1.80789,3.6667,2.58044,SL,20,0.924,R,0,1,L,gid_2017_04_06_seamlb_houmlb_1/,Ball,125.153,-2.66018,4,sea,0.08689335427952444,-114.12079942522614,0.34998481089843353,4.377965141560314,3.3348063686890006,3.6667,2.58044,1.6237356006202186,55,6.301524528361144,-8.248917684198489,-116.9973161485528,-5.968195646662364,5.956932178497315,22.160504150390626,-27.641454650878906,80.07,-1.6483497477574165,0.25662179311293,-1.63103,0.0711898,0,10
2017-04-07,170407_011816_06,0fe20bf2-9184-48d5-b213-77ac3f26c31b,6,2,664641,545350,32,Strikeout,B,232,3.64,1.65,3.6667,2.58044,SL,,2,R,0,1,L,gid_2017_04_06_seamlb_houmlb_1/,Ball,125.153,-2.58674,4,sea,0.08689335427952444,-114.12079942522614,0.34998481089843353,4.377965141560314,3.3348063686890006,3.6667,2.58044,1.6237356006202186,55,6.301524528361144,-8.248917684198489,-116.9973161485528,-5.968195646662364,5.956932178497315,22.160504150390626,-27.641454650878906,80.07,-1.6483497477574165,0.25662179311293,-1.63103,0.0711898,757,10
2017-04-07,170407_011840hou,97f38dc4-6ff4-4818-baca-baa614701d87,6,3,664641,545350,32,Strikeout,B,233,3.92408,1.86793,8.81847,8.10522,FS,20,0.875,R,0,2,L,gid_2017_04_06_seamlb_houmlb_1/,Ball,132.608,-1.91051,4,sea,0.08362358929909848,-118.59638682678401,0.3366106725546133,9.400944025613489,8.722938724158407,8.81847,8.10522,1.9210605868744548,55,6.19904546628595,-10.089589529735516,-121.54564886963118,-6.587255071314921,13.828161827087403,23.608059692382813,-19.348138763427734,83.28,-1.2628335191978668,1.0980988560090221,-1.23396,0.931861,0,20
2017-04-07,170407_011832_06,97f38dc4-6ff4-4818-baca-baa614701d87,6,3,664641,545350,32,Strikeout,B,233,3.64,1.65,8.81847,8.10522,FS,,2,R,0,2,L,gid_2017_04_06_seamlb_houmlb_1/,Ball,132.608,-1.72175,4,sea,0.08362358929909848,-118.59638682678401,0.3366106725546133,9.400944025613489,8.722938724158407,8.81847,8.10522,1.9210605868744548,55,6.19904546628595,-10.089589529735516,-121.54564886963118,-6.587255071314921,13.828161827087403,23.608059692382813,-19.348138763427734,83.28,-1.2628335191978668,1.0980988560090221,-1.23396,0.931861,2106,20
2017-04-07,170407_011849hou,2394c67f-8968-40e1-92e3-162eb646119d,6,4,664641,545350,32,Strikeout,S,234,3.72008,1.8199,8.09026,7.59738,FT,10,0.916,R,0,3,L,gid_2017_04_06_seamlb_houmlb_1/,Called Strike,133.222,-0.587851,4,sea,0.07539476122503033,-131.53365933248062,0.3035706683011508,8.560351799427096,8.094336038150422,8.09026,7.59738,1.7788987999651582,55,6.320834455953633,-9.977356297035003,-134.82481259017146,-5.875195613527119,15.48177491760254,29.22088508605957,-17.540035202026367,92.26,-1.0327748370992342,2.3564389513757504,-0.990051,2.21148,0,30
2017-04-07,170407_011845_06,2394c67f-8968-40e1-92e3-162eb646119d,6,4,664641,545350,32,Strikeout,S,234,3.64,1.65,8.09026,7.59738,FT,,2,R,0,3,L,gid_2017_04_06_seamlb_houmlb_1/,Called Strike,133.222,-0.435698,4,sea,0.07539476122503033,-131.53365933248062,0.3035706683011508,8.560351799427096,8.094336038150422,8.09026,7.59738,1.7788987999651582,55,6.320834455953633,-9.977356297035003,-134.82481259017146,-5.875195613527119,15.48177491760254,29.22088508605957,-17.540035202026367,92.26,-1.0327748370992342,2.3564389513757504,-0.990051,2.21148,2164,30
2017-04-07,170407_011904hou,f7be4c50-5e22-44df-892f-ae0ca5a01042,6,5,664641,545350,32,Strikeout,S,235,3.91208,1.84392,6.50267,9.64615,FF,6,0.882,R,1,3,L,gid_2017_04_06_seamlb_houmlb_1/,Called Strike,146.044,0.372591,4,sea,0.07495765262970967,-132.2550892010558,0.30237325031580603,6.989001996605756,10.111796994733394,6.50267,9.64615,1.266314919260429,55,6.42867632524684,-7.221540259003547,-135.70109318060236,-4.461512657931988,12.740227333068848,30.77926902770996,-13.746240570068359,92.70,-0.6322309251078897,3.4002424087886993,-0.585068,3.26329,0,31
2017-04-07,170407_011859_06,f7be4c50-5e22-44df-892f-ae0ca5a01042,6,5,664641,545350,32,Strikeout,S,235,3.64,1.65,6.50267,9.64615,FF,,2,R,1,3,L,gid_2017_04_06_seamlb_houmlb_1/,Called Strike,146.044,0.621394,4,sea,0.07495765262970967,-132.2550892010558,0.30237325031580603,6.989001996605756,10.111796994733394,6.50267,9.64615,1.266314919260429,55,6.42867632524684,-7.221540259003547,-135.70109318060236,-4.461512657931988,12.740227333068848,30.77926902770996,-13.746240570068359,92.70,-0.6322309251078897,3.4002424087886993,-0.585068,3.26329,2272,31
2017-04-07,170407_011919hou,71342e42-ef12-4cae-86b4-69ec53c1ce8c,6,6,664641,545350,32,Strikeout,S,236,3.924,1.627,6.09358,1.61782,SL,21,0.911,R,2,3,L,gid_2017_04_06_seamlb_houmlb_1/,Swinging Strike,104.876,-1.30976,4,sea,0.08446540902885273,-117.49358079391136,0.3387724865811273,6.7238418914300135,2.337116457837885,6.09358,1.61782,1.5434894666189978,55,6.2040503526088155,-7.390791588708461,-120.1777523578223,-3.5467103609780035,9.764499298095703,21.265021133422852,-28.78499217224121,82.13,-0.8375476451448476,1.4429108595278186,-0.807062,1.27124,0,32
2017-04-07,170407_011915_06,71342e42-ef12-4cae-86b4-69ec53c1ce8c,6,6,664641,545350,32,Strikeout,S,236,3.64,1.65,6.09358,1.61782,SL,,2,R,2,3,L,gid_2017_04_06_seamlb_houmlb_1/,Swinging Strike,104.876,-1.38066,4,sea,0.08446540902885273,-117.49358079391136,0.3387724865811273,6.7238418914300135,2.337116457837885,6.09358,1.61782,1.5434894666189978,55,6.2040503526088155,-7.390791588708461,-120.1777523578223,-3.5467103609780035,9.764499298095703,21.265021133422852,-28.78499217224121,82.13,-0.8375476451448476,1.4429108595278186,-0.807062,1.27124,1106,32
2017-04-07,170407_012924hou,a46d78e3-b886-4892-95a6-bfc6008da539,4,1,664641,493114,37,Single,S,269,3.66,1.487,6.4841,11.5404,FF,9,0.873,L,0,0,L,gid_2017_04_06_seamlb_houmlb_1/,Foul,150.701,0.489633,5,sea,0.07728198494083315,-128.28546956736471,0.311643114900843,7.004106457523402,12.014425787146047,6.4841,11.5404,1.7258542853258123,55,6.569267946643007,-4.834946496748371,-131.6037853745932,-5.312842652983089,12.019500366210938,28.746487426757813,-11.561467124938964,89.86,0.7571059427063742,3.245929186660787,0.806909,3.10549,0,00
2017-04-07,170407_012919_06,a46d78e3-b886-4892-95a6-bfc6008da539,4,1,664641,493114,37,Single,S,269,3.11,1.41,6.4841,11.5404,FF,,2,L,0,0,L,gid_2017_04_06_seamlb_houmlb_1/,Foul,150.701,0.99469,5,sea,0.07728198494083315,-128.28546956736471,0.311643114900843,7.004106457523402,12.014425787146047,6.4841,11.5404,1.7258542853258123,55,6.569267946643007,-4.834946496748371,-131.6037853745932,-5.312842652983089,12.019500366210938,28.746487426757813,-11.561467124938964,89.86,0.7571059427063742,3.245929186660787,0.806909,3.10549,2509,00
2017-04-07,170407_012955hou,fa29b1dd-281c-4bbd-bd7f-1757a4ef79da,4,2,664641,493114,37,Single,B,270,3.34813,1.55987,6.61778,9.62786,FF,3,0.853,L,1,0,L,gid_2017_04_06_seamlb_houmlb_1/,Ball,145.525,1.7139,5,sea,0.07555634518474795,-131.22979795423439,0.30450365570312743,7.110293387421962,10.101520956497623,6.61778,9.62786,1.5320290665475413,55,6.524819101436948,-5.656561824225445,-134.58105360191624,-2.8348778618813286,12.78060018157959,29.69333724975586,-14.021732284545898,91.86,0.2843277564601985,4.120408871271854,0.33484,3.98645,0,01
2017-04-07,170407_012950_06,fa29b1dd-281c-4bbd-bd7f-1757a4ef79da,4,2,664641,493114,37,Single,B,270,3.11,1.41,6.61778,9.62786,FF,,2,L,1,0,L,gid_2017_04_06_seamlb_houmlb_1/,Ball,145.525,2.03112,5,sea,0.07555634518474795,-131.22979795423439,0.30450365570312743,7.110293387421962,10.101520956497623,6.61778,9.62786,1.5320290665475413,55,6.524819101436948,-5.656561824225445,-134.58105360191624,-2.8348778618813286,12.78060018157959,29.69333724975586,-14.021732284545898,91.86,0.2843277564601985,4.120408871271854,0.33484,3.98645,2268,01
2017-04-07,170407_013007hou,c86c700c-4757-4d24-bab3-0c0b1e25651c,4,3,664641,493114,37,Single,B,271,3.34813,1.63193,-0.0489989,3.1789,SL,2,0.92,L,1,1,L,gid_2017_04_06_seamlb_houmlb_1/,Ball,180.838,1.15101,5,sea,0.08699008012129994,-114.10261192068161,0.3485888732621829,0.7106904395275926,3.918653053068298,-0.0489989,3.1789,1.971511366348428,55,6.242400767690336,-4.659102029150606,-116.65232836098329,0.9728744988213988,0.9747700605392455,19.611988830566407,-26.804246856689453,79.60,-0.1466695193271194,3.638228759172491,-0.124872,3.47771,0,11
2017-04-07,170407_013003_06,c86c700c-4757-4d24-bab3-0c0b1e25651c,4,3,664641,493114,37,Single,B,271,3.11,1.41,-0.0489989,3.1789,SL,,2,L,1,1,L,gid_2017_04_06_seamlb_houmlb_1/,Ball,180.838,1.4326,5,sea,0.08699008012129994,-114.10261192068161,0.3485888732621829,0.7106904395275926,3.918653053068298,-0.0489989,3.1789,1.971511366348428,55,6.242400767690336,-4.659102029150606,-116.65232836098329,0.9728744988213988,0.9747700605392455,19.611988830566407,-26.804246856689453,79.60,-0.1466695193271194,3.638228759172491,-0.124872,3.47771,543,11
2017-04-07,170407_013040hou,b5454ddd-f963-4dbb-a300-e516c4bf19be,4,4,664641,493114,37,Single,X,272,3.40814,1.55987,6.94788,8.98879,FF,11,0.644,L,1,2,L,gid_2017_04_06_seamlb_houmlb_1/,"In play, no out",142.324,0.00970354,5,sea,0.07581133799836061,-130.80998423095792,0.30525941293234826,7.438866727151102,9.473701150321334,6.94788,8.98879,1.5048259508969934,55,6.432567023961045,-7.2021589668562385,-134.085757692496,-5.883166960002306,13.305077186584473,28.924614715576173,-15.234439804077148,91.64,-0.34415135140340136,2.6362569392879927,-0.297235,2.49297,0,21
2017-04-07,170407_013027_06,b5454ddd-f963-4dbb-a300-e516c4bf19be,4,4,664641,493114,37,Single,X,272,3.11,1.41,6.94788,8.98879,FF,,2,L,1,2,L,gid_2017_04_06_seamlb_houmlb_1/,"In play, no out",142.324,0.274086,5,sea,0.07581133799836061,-130.80998423095792,0.30525941293234826,7.438866727151102,9.473701150321334,6.94788,8.98879,1.5048259508969934,55,6.432567023961045,-7.2021589668562385,-134.085757692496,-5.883166960002306,13.305077186584473,28.924614715576173,-15.234439804077148,91.64,-0.34415135140340136,2.6362569392879927,-0.297235,2.49297,2203,21
2017-04-07,170407_013114hou,0a351fe1-5cd5-4e18-986a-d7147f21b420,7,1,664641,543807,38,Walk,B,276,3.96017,1.86009,0.780856,2.74458,SL,15,0.924,R,0,0,L,gid_2017_04_06_seamlb_houmlb_1/,Ball,164.156,-1.25686,5,sea,0.08763795575248254,-113.28943585482081,0.35068522854615597,1.5376158056802425,3.5000058015816538,0.780856,2.74458,1.7628565277418196,55,6.328622322799868,-6.551089894873517,-115.7299228476598,-2.8654337508807224,2.0838268909454345,18.630625534057618,-27.435678436279296,79.06,-1.1509067347863344,1.765721170794614,-1.13455,1.59037,0,00
2017-04-07,170407_013109_06,0a351fe1-5cd5-4e18-986a-d7147f21b420,7,1,664641,543807,38,Walk,B,276,3.65,1.7,0.780856,2.74458,SL,,2,R,0,0,L,gid_2017_04_06_seamlb_houmlb_1/,Ball,164.156,-1.11244,5,sea,0.08763795575248254,-113.28943585482081,0.35068522854615597,1.5376158056802425,3.5000058015816538,0.780856,2.74458,1.7628565277418196,55,6.328622322799868,-6.551089894873517,-115.7299228476598,-2.8654337508807224,2.0838268909454345,18.630625534057618,-27.435678436279296,79.06,-1.1509067347863344,1.765721170794614,-1.13455,1.59037,485,00
2017-04-07,170407_013134hou,2be183d3-00c0-47f1-b179-f97d98ad03d8,7,2,664641,543807,38,Walk,B,277,3.82818,1.81206,7.4829,7.99709,FT,3,0.633,R,0,1,L,gid_2017_04_06_seamlb_houmlb_1/,Ball,136.926,0.924918,5,sea,0.07563218330408568,-131.07983734494246,0.30504040194190113,7.965885875451077,8.493951354480016,7.4829,7.99709,1.293136153106346,55,6.356310826900712,-5.634857899647251,-134.48239383140495,-2.357876320596395,14.268164268493653,30.119683074951173,-16.964986755371093,91.79,0.18426274164688694,3.8885710146962467,0.236276,3.75249,0,10
2017-04-07,170407_013130_06,2be183d3-00c0-47f1-b179-f97d98ad03d8,7,2,664641,543807,38,Walk,B,277,3.65,1.7,7.4829,7.99709,FF,,2,R,0,1,L,gid_2017_04_06_seamlb_houmlb_1/,Ball,136.926,1.10512,5,sea,0.07563218330408568,-131.07983734494246,0.30504040194190113,7.965885875451077,8.493951354480016,7.4829,7.99709,1.293136153106346,55,6.356310826900712,-5.634857899647251,-134.48239383140495,-2.357876320596395,14.268164268493653,30.119683074951173,-16.964986755371093,91.79,0.18426274164688694,3.8885710146962467,0.236276,3.75249,2121,10
2017-04-07,170407_013201hou,3b287f03-a3fd-44fa-a985-ef7eb373e96b,7,3,664641,543807,38,Walk,S,278,3.66,1.487,8.09285,6.29669,FS,11,0.702,R,0,2,L,gid_2017_04_06_seamlb_houmlb_1/,Foul,127.904,-0.184214,5,sea,0.08343656603486137,-118.86671782575738,0.3357894319841677,8.68243868805682,6.936731658263945,8.09285,6.29669,1.5139627053132154,55,6.179410132999672,-7.106571976043388,-121.80920834205126,-2.875196969839253,12.833834281921387,23.606221008300782,-21.925559951782226,83.22,-0.3977632754193501,2.531450380015238,-0.36092,2.37335,0,20
2017-04-07,170407_013153_06,3b287f03-a3fd-44fa-a985-ef7eb373e96b,7,3,664641,543807,38,Walk,S,278,3.65,1.7,8.09285,6.29669,FS,,2,R,0,2,L,gid_2017_04_06_seamlb_houmlb_1/,Foul,127.904,-0.309383,5,sea,0.08343656603486137,-118.86671782575738,0.3357894319841677,8.68243868805682,6.936731658263945,8.09285,6.29669,1.5139627053132154,55,6.179410132999672,-7.106571976043388,-121.80920834205126,-2.875196969839253,12.833834281921387,23.606221008300782,-21.925559951782226,83.22,-0.3977632754193501,2.531450380015238,-0.36092,2.37335,1808,20
2017-04-07,170407_013242hou,705f4814-4202-4f2d-bd7c-741617d44a67,7,4,664641,543807,38,Walk,S,279,3.75618,1.86009,2.43054,1.79115,SL,3,0.924,R,1,2,L,gid_2017_04_06_seamlb_houmlb_1/,Called Strike,126.406,0.775503,5,sea,0.0877416322747442,-113.0483580887658,0.35288218798150195,3.172502683834713,2.5701461243795225,2.43054,1.79115,1.5036523765911178,55,6.336290789293241,-3.642788094386988,-115.80520473409965,1.5230636643161737,4.246110311508179,21.030472564697266,-28.739089920043945,79.00,0.23793338539680187,3.70770743380828,0.266459,3.54334,0,21
2017-04-07,170407_013238_06,705f4814-4202-4f2d-bd7c-741617d44a67,7,4,664641,543807,38,Walk,S,279,3.65,1.7,2.43054,1.79115,SL,,2,R,1,2,L,gid_2017_04_06_seamlb_houmlb_1/,Called Strike,126.406,0.890607,5,sea,0.0877416322747442,-113.0483580887658,0.35288218798150195,3.172502683834713,2.5701461243795225,2.43054,1.79115,1.5036523765911178,55,6.336290789293241,-3.642788094386988,-115.80520473409965,1.5230636643161737,4.246110311508179,21.030472564697266,-28.739089920043945,79.00,0.23793338539680187,3.70770743380828,0.266459,3.54334,507,21
2017-04-07,170407_013305hou,74993267-09f5-44c7-a4bc-f2a4a8f5efb8,7,5,664641,543807,38,Walk,S,280,3.66,1.487,3.10864,4.27558,SL,11,0.925,R,2,2,L,gid_2017_04_06_seamlb_houmlb_1/,Foul,144.007,-0.239467,5,sea,0.08614378761625988,-115.21571868415975,0.3453230699441074,3.8086389213080594,4.9851839692221205,3.10864,4.27558,1.423538871145903,55,6.21955101031333,-5.154130635294234,-117.81388732358094,-1.9151860672673162,5.323133579254151,20.18167381286621,-25.21147151184082,80.42,-0.4216840803038746,2.478728462564111,-0.393359,2.31332,0,22
2017-04-07,170407_013260_06,74993267-09f5-44c7-a4bc-f2a4a8f5efb8,7,5,664641,543807,38,Walk,S,280,3.65,1.7,3.10864,4.27558,SL,,2,R,2,2,L,gid_2017_04_06_seamlb_houmlb_1/,Foul,144.007,-0.370955,5,sea,0.08614378761625988,-115.21571868415975,0.3453230699441074,3.8086389213080594,4.9851839692221205,3.10864,4.27558,1.423538871145903,55,6.21955101031333,-5.154130635294234,-117.81388732358094,-1.9151860672673162,5.323133579254151,20.18167381286621,-25.21147151184082,80.42,-0.4216840803038746,2.478728462564111,-0.393359,2.31332,910,22
2017-04-07,170407_013334hou,c4b0d728-182c-4df1-a666-b78a2dd8b8b1,7,6,664641,543807,38,Walk,B,281,3.74417,1.84808,4.7285,8.59966,FF,2,0.919,R,2,2,L,gid_2017_04_06_seamlb_houmlb_1/,Ball,151.227,1.50171,5,sea,0.07391503032564278,-134.1068046141787,0.29833409599565874,5.223446293514382,9.0644259572255,4.7285,8.59966,0.8544442824408918,55,6.297999655083977,-4.708366546880097,-137.64256559704924,-1.6590195788977424,9.781379333496094,32.02802734375,-15.20503611755371,93.91,-0.2529647725361577,4.349851873179221,-0.201413,4.21982,0,22
2017-04-07,170407_013328_06,c4b0d728-182c-4df1-a666-b78a2dd8b8b1,7,6,664641,543807,38,Walk,B,281,3.65,1.7,4.7285,8.59966,FF,,2,R,2,2,L,gid_2017_04_06_seamlb_houmlb_1/,Ball,151.227,1.58443,5,sea,0.07391503032564278,-134.1068046141787,0.29833409599565874,5.223446293514382,9.0644259572255,4.7285,8.59966,0.8544442824408918,55,6.297999655083977,-4.708366546880097,-137.64256559704924,-1.6590195788977424,9.781379333496094,32.02802734375,-15.20503611755371,93.91,-0.2529647725361577,4.349851873179221,-0.201413,4.21982,1941,22
2017-04-07,170407_013429hou,18ea3941-1757-4171-a0af-cd20d9abe0d0,7,7,664641,543807,38,Walk,B,284,3.69617,1.74001,4.8485,2.02283,SL,20,0.922,R,2,3,L,gid_2017_04_06_seamlb_houmlb_1/,Ball In Dirt,112.657,-2.45937,5,sea,0.08549320774449118,-116.12125476729511,0.3422633169171942,5.510895674936036,2.751574714286133,4.8485,2.02283,1.253503551148029,55,6.233009823188279,-8.260456153136703,-118.65348869181378,-5.570781121442662,7.840616813659668,19.81681900024414,-28.264202072143554,81.18,-1.763108367199071,0.4921634825745289,-1.73957,0.312625,0,32
2017-04-07,170407_013424_06,18ea3941-1757-4171-a0af-cd20d9abe0d0,7,7,664641,543807,38,Walk,B,284,3.65,1.7,4.8485,2.02283,SL,,2,R,2,3,L,gid_2017_04_06_seamlb_houmlb_1/,Ball In Dirt,112.657,-2.42295,5,sea,0.08549320774449118,-116.12125476729511,0.3422633169171942,5.510895674936036,2.751574714286133,4.8485,2.02283,1.253503551148029,55,6.233009823188279,-8.260456153136703,-118.65348869181378,-5.570781121442662,7.840616813659668,19.81681900024414,-28.264202072143554,81.18,-1.763108367199071,0.4921634825745289,-1.73957,0.312625,914,32
2017-04-07,170407_013606hou,f9ce1eed-5d1d-4927-80db-0c4ff2fc19e8,2,1,664641,503556,39,Hit By Pitch,S,290,3.99709,1.91399,6.54193,8.31307,SL,11,0.763,R,0,0,L,gid_2017_04_06_seamlb_houmlb_1/,Called Strike,141.825,-0.683326,5,sea,0.08372686639634437,-118.46912948166542,0.33673519448341216,7.157333563084782,8.928487254705837,6.54193,8.31307,1.452133450980158,55,6.307001752457392,-7.0697318333738774,-121.35811525527475,-4.055536760727271,10.520175567626953,23.095249938964844,-19.055501892089843,82.93,-0.6909555340750508,2.4019882401195383,-0.657603,2.24383,0,00
2017-04-07,170407_013602_06,f9ce1eed-5d1d-4927-80db-0c4ff2fc19e8,2,1,664641,503556,39,Hit By Pitch,S,290,3.64,1.7,6.54193,8.31307,SL,,2,R,0,0,L,gid_2017_04_06_seamlb_houmlb_1/,Called Strike,141.825,-0.439355,5,sea,0.08372686639634437,-118.46912948166542,0.33673519448341216,7.157333563084782,8.928487254705837,6.54193,8.31307,1.452133450980158,55,6.307001752457392,-7.0697318333738774,-121.35811525527475,-4.055536760727271,10.520175567626953,23.095249938964844,-19.055501892089843,82.93,-0.6909555340750508,2.4019882401195383,-0.657603,2.24383,1861,00
2017-04-07,170407_013651hou,f79f7dff-5033-44e9-8c43-82c832d4a6e4,2,2,664641,503556,39,Hit By Pitch,B,291,3.865,1.601,6.06412,-0.650559,SL,20,0.921,R,1,0,L,gid_2017_04_06_seamlb_houmlb_1/,Hit By Pitch,83.8733,-2.12179,5,sea,0.08669393894716405,-114.52873704398718,0.346816383044642,6.727888075727008,0.1367767013988184,6.06412,-0.650559,1.3392357995952684,55,6.250200606512086,-10.120404603578352,-116.97886565105136,-4.4169200981478385,9.32241212463379,18.907446670532227,-31.989477111816406,80.11,-2.424224258906807,0.5158887192256802,-2.40636,0.331138,0,01
2017-04-07,170407_013646_06,f79f7dff-5033-44e9-8c43-82c832d4a6e4,2,2,664641,503556,39,Hit By Pitch,B,291,3.64,1.7,6.06412,-0.650559,SL,,2,R,1,0,L,gid_2017_04_06_seamlb_houmlb_1/,Hit By Pitch,83.8733,-2.4112,5,sea,0.08669393894716405,-114.52873704398718,0.346816383044642,6.727888075727008,0.1367767013988184,6.06412,-0.650559,1.3392357995952684,55,6.250200606512086,-10.120404603578352,-116.97886565105136,-4.4169200981478385,9.32241212463379,18.907446670532227,-31.989477111816406,80.11,-2.424224258906807,0.5158887192256802,-2.40636,0.331138,1048,01
2017-04-07,170407_013801hou,ca6efb28-0a1c-4b71-88ec-fd894aad3728,1,1,664641,514888,40,Grounded Into DP,X,296,3.786,1.565,3.11595,5.54358,SL,20,0.924,R,0,0,L,gid_2017_04_06_seamlb_houmlb_1/,"In play, out(s)",150.691,-1.11613,5,sea,0.08686561876177748,-114.28639207602117,0.347761420235256,3.8262223373646354,6.245517511601564,3.11595,5.54358,1.410621774611013,55,6.289264835080541,-6.141812273280068,-116.77931794512313,-4.173588468513793,5.272980323791504,19.200989532470704,-23.571948959350586,79.78,-0.9212889949258093,1.6076883152484887,-0.897261,1.43604,0,00
2017-04-07,170407_013751_06,ca6efb28-0a1c-4b71-88ec-fd894aad3728,1,1,664641,514888,40,Grounded Into DP,X,296,2.88,1.28,3.11595,5.54358,SL,,2,R,0,0,L,gid_2017_04_06_seamlb_houmlb_1/,"In play, out(s)",150.691,-0.804953,5,sea,0.08686561876177748,-114.28639207602117,0.347761420235256,3.8262223373646354,6.245517511601564,3.11595,5.54358,1.410621774611013,55,6.289264835080541,-6.141812273280068,-116.77931794512313,-4.173588468513793,5.272980323791504,19.200989532470704,-23.571948959350586,79.78,-0.9212889949258093,1.6076883152484887,-0.897261,1.43604,1089,00
2017-04-07,170407_013935hou,891fa3bc-5736-4d5c-9833-f76a7293ee6d,5,1,664641,136860,42,Lineout,B,310,3.61812,1.866,4.9379,2.3831,SL,23,0.923,R,0,0,L,gid_2017_04_06_seamlb_houmlb_1/,Ball,115.775,-2.28512,5,sea,0.08752966372788809,-113.36252108630777,0.3513575840278225,5.636634000389488,3.1466390802531916,4.9379,2.3831,1.4324855559799938,55,6.3047908421616965,-3.9344624758213627,-116.00579204266657,-4.430896501080779,7.609741798400879,20.209420013427735,-27.930877639770507,79.20,0.419997981187742,0.9219354957019648,0.45351,0.740163,0,00
2017-04-07,170407_013931_06,891fa3bc-5736-4d5c-9833-f76a7293ee6d,5,1,664641,136860,42,Lineout,B,310,3.51,1.67,4.9379,2.3831,SL,,2,R,0,0,L,gid_2017_04_06_seamlb_houmlb_1/,Ball,115.775,-2.01069,5,sea,0.08752966372788809,-113.36252108630777,0.3513575840278225,5.636634000389488,3.1466390802531916,4.9379,2.3831,1.4324855559799938,55,6.3047908421616965,-3.9344624758213627,-116.00579204266657,-4.430896501080779,7.609741798400879,20.209420013427735,-27.930877639770507,79.20,0.419997981187742,0.9219354957019648,0.45351,0.740163,926,00
2017-04-07,170407_014006hou,eea1d049-65d7-47fe-bb7f-e0e55892f024,5,2,664641,136860,42,Lineout,S,311,3.786,1.565,7.06966,13.9424,FF,6,0.941,R,0,1,L,gid_2017_04_06_seamlb_houmlb_1/,Foul,153.144,0.241052,5,sea,0.07483882072341398,-132.4039715465733,0.30265162423483416,7.549278387626942,14.352406026623209,7.06966,13.9424,1.0650817381863136,55,6.39163080962461,-6.962213357150481,-136.03721386332285,-6.739689474265291,13.736249557495118,32.51039581298828,-6.064155532836914,92.99,-0.640621179821337,3.077964406093918,-0.591825,2.94319,0,10
2017-04-07,170407_013958_06,eea1d049-65d7-47fe-bb7f-e0e55892f024,5,2,664641,136860,42,Lineout,S,311,3.51,1.67,7.06966,13.9424,FF,,2,R,0,1,L,gid_2017_04_06_seamlb_houmlb_1/,Foul,153.144,0.383901,5,sea,0.07483882072341398,-132.4039715465733,0.30265162423483416,7.549278387626942,14.352406026623209,7.06966,13.9424,1.0650817381863136,55,6.39163080962461,-6.962213357150481,-136.03721386332285,-6.739689474265291,13.736249557495118,32.51039581298828,-6.064155532836914,92.99,-0.640621179821337,3.077964406093918,-0.591825,2.94319,3041,10
2017-04-07,170407_014050hou,36c845e0-83b8-4287-a746-59aa154ed4ab,5,3,664641,136860,42,Lineout,S,312,3.786,1.565,2.82464,6.01997,SL,12,0.923,R,1,1,L,gid_2017_04_06_seamlb_houmlb_1/,Foul,154.896,-0.186416,5,sea,0.08672680918455775,-114.41026457624079,0.3481622378885751,3.540674187219523,6.716410149126353,2.82464,6.01997,1.4622353551828688,55,6.389447158728916,-3.941510533008638,-117.08302280927674,-2.380597601540284,4.8682333145141605,20.624186325073243,-22.944303466796875,79.89,0.13474973529545498,2.6336210448970445,0.165152,2.46848,0,11
2017-04-07,170407_014044_06,36c845e0-83b8-4287-a746-59aa154ed4ab,5,3,664641,136860,42,Lineout,S,312,3.51,1.67,2.82464,6.01997,SL,,2,R,1,1,L,gid_2017_04_06_seamlb_houmlb_1/,Foul,154.896,-0.132082,5,sea,0.08672680918455775,-114.41026457624079,0.3481622378885751,3.540674187219523,6.716410149126353,2.82464,6.01997,1.4622353551828688,55,6.389447158728916,-3.941510533008638,-117.08302280927674,-2.380597601540284,4.8682333145141605,20.624186325073243,-22.944303466796875,79.89,0.13474973529545498,2.6336210448970445,0.165152,2.46848,1134,11
2017-04-07,170407_014122hou,4f81de2c-1ce5-45f2-9d97-3876e4238574,5,4,664641,136860,42,Lineout,B,313,3.40209,1.866,6.33761,1.43908,SL,21,0.903,R,2,1,L,gid_2017_04_06_seamlb_houmlb_1/,Ball In Dirt,102.799,-3.76576,5,sea,0.0844893855765637,-117.4737187669291,0.33866128184018224,6.9640299136765424,2.1604475665675755,6.33761,1.43908,1.3729388647568839,55,6.301623862697152,-6.283455976987006,-120.11698483828495,-6.966343908711276,10.119948020935059,20.933848190307618,-29.039493515014648,82.15,-0.45465823773270153,-0.07574011285940951,-0.420222,-0.258217,0,12
2017-04-07,170407_014117_06,4f81de2c-1ce5-45f2-9d97-3876e4238574,5,4,664641,136860,42,Lineout,B,313,3.51,1.67,6.33761,1.43908,SL,,2,R,2,1,L,gid_2017_04_06_seamlb_houmlb_1/,Ball In Dirt,102.799,-3.09589,5,sea,0.0844893855765637,-117.4737187669291,0.33866128184018224,6.9640299136765424,2.1604475665675755,6.33761,1.43908,1.3729388647568839,55,6.301623862697152,-6.283455976987006,-120.11698483828495,-6.966343908711276,10.119948020935059,20.933848190307618,-29.039493515014648,82.15,-0.45465823773270153,-0.07574011285940951,-0.420222,-0.258217,1141,12
2017-04-07,170407_014153hou,d471906a-724f-4d1a-8aff-9443755ba557,5,5,664641,136860,42,Lineout,X,314,3.786,1.565,3.02859,2.93607,SL,12,0.925,R,2,2,L,gid_2017_04_06_seamlb_houmlb_1/,"In play, out(s)",134.133,-0.0818762,5,sea,0.08628409001745908,-115.06361638489028,0.345322194696717,3.729832977877797,3.665086176930691,3.02859,2.93607,1.4528079755076828,55,6.267566322004849,-4.177746890202931,-117.55258596434986,-1.0005581799583942,5.213017097473145,19.299155044555665,-27.05647654724121,80.20,0.057686370029160994,2.749863402292428,0.0889272,2.58458,0,22
2017-04-07,170407_014146_06,d471906a-724f-4d1a-8aff-9443755ba557,5,5,664641,136860,42,Lineout,X,314,3.51,1.67,3.02859,2.93607,SL,,2,R,2,2,L,gid_2017_04_06_seamlb_houmlb_1/,"In play, out(s)",134.133,-0.00589509,5,sea,0.08628409001745908,-115.06361638489028,0.345322194696717,3.729832977877797,3.665086176930691,3.02859,2.93607,1.4528079755076828,55,6.267566322004849,-4.177746890202931,-117.55258596434986,-1.0005581799583942,5.213017097473145,19.299155044555665,-27.05647654724121,80.20,0.057686370029160994,2.749863402292428,0.0889272,2.58458,728,22
